id,название,описание,подробно,дни,доступно с,ответвление,x,y,требование1,требование2,награда1,награда2,награда3,награда4,блокировать1,блокировать2
ch-course,Федеральная Швейцария 1938,Определить курс конфедерации в тревожной Европе.,Швейцария не должна стать пешкой соседей. Этот выбор открывает мирные и альтернативные способы пережить эпоху войн.,35,,Курс,4,1,, ,politicalPower=35,stability=4,,,,
ch-neutrality,Вооружённый нейтралитет,Подтвердить независимость от воюющих блоков.,Нейтралитет имеет вес лишь тогда, когда его готовы защищать. Конфедерация не обещает чужих войн, но готовит ответ каждому нарушителю границы.,49,,Нейтралитет,1,2,ch-course,,stability=8,commandPower=20,warSupport=5,,Ось,Западный блок
ch-federal,Согласие кантонов,Укрепить федерализм и координацию кантонов.,Общие правила мобилизации и снабжения уменьшают трения между кантонами и делают кризисное управление быстрее.,42,,Нейтралитет,1,3,ch-neutrality,,stability=10,politicalPower=20,,,
ch-militia,Милиционная армия,Расширить подготовку гражданского резерва.,Швейцарская армия опирается на подготовленных граждан. Резервисты получают снаряжение и планы развёртывания.,56,,Нейтралитет,1,4,ch-federal,,manpower=220,commandPower=25,warSupport=6,,
ch-redoubt,Национальный редут,Подготовить оборону Альп и ключевых перевалов.,Мосты, тоннели и высокогорные позиции превращают наступление через Альпы в тяжёлую операцию. Этот курс предназначен для выживания, а не для завоеваний.,70,1939-09-01,Нейтралитет,1,5,ch-militia,,factories=1,steel=18,stability=6,,
ch-border-guards,Пограничная служба,Наладить наблюдение за границами и мобилизационные тревоги.,Пограничные части получают связь, транспорт и единый порядок доклада о нарушениях границы.,42,,Нейтралитет,1,6,ch-redoubt,,commandPower=30,manpower=90,,,
ch-alpine-doctrine,Альпийская доктрина,Сделать горы главным преимуществом обороны.,Командиры отрабатывают действия малых подразделений, эвакуацию и снабжение в высокогорье.,56,,Нейтралитет,1,7,ch-border-guards,,commandPower=35,warSupport=10,stability=4,,
ch-total-defense,Всеобщая оборона,Связать армию, гражданскую защиту и промышленность.,Страна готовится сохранить управление и снабжение даже при блокаде или вторжении.,70,1940-05-10,Нейтралитет,1,8,ch-alpine-doctrine,,manpower=260,factories=2,stability=10,commandPower=30,,
ch-federal-charter,Федеральный договор доверия,Сохранить внутреннее единство во время европейского кризиса.,Немецко-, французско-, итало- и ретороманоязычные кантоны подтверждают общее политическое пространство Швейцарии.,49,,Общество,4,2,ch-course,,stability=12,politicalPower=25,,,
ch-civil-defense,Гражданская защита,Создать убежища, запасы и службы первой помощи.,Муниципалитеты готовятся к воздушной тревоге, перемещению населения и защите критической инфраструктуры.,56,,Общество,4,3,ch-federal-charter,,stability=8,manpower=100,food=25,,
ch-press-freedom,Свободная и ответственная пресса,Сохранить общественную дискуссию и противодействовать пропаганде.,Независимая пресса и многоязычное радио помогают обществу пережить кризис без политической паники.,42,,Общество,4,4,ch-civil-defense,,stability=8,politicalPower=25,,,
ch-linguistic-unity,Единство языковых регионов,Поддержать многоязычное образование и совместные институты.,Разные языки не должны стать линиями разлома. Кантональные программы укрепляют общую гражданскую идентичность.,49,,Общество,4,5,ch-press-freedom,,stability=14,manpower=80,,,
ch-democratic-fortress,Крепость демократии,Сделать гражданские институты столь же стойкими, как альпийские укрепления.,Нейтралитет Швейцарии будет опираться на доверие граждан и устойчивость республиканских институтов.,70,,Общество,4,6,ch-linguistic-unity,,stability=16,politicalPower=60,commandPower=15,,
ch-bank-secrecy,Банковская осмотрительность,Защитить финансовую систему от внешнего давления.,Банки усиливают контроль рисков и сохраняют репутацию безопасного финансового центра.,49,,Экономика,7,2,ch-course,,budget=55,gdp=18,stability=4,,
ch-war-economy,Экономика запасов,Создать запасы продовольствия, топлива и сырья.,Нейтральная страна должна пережить нарушение торговых путей. Государство и кантоны формируют стратегические резервы.,56,,Экономика,7,3,ch-bank-secrecy,,food=60,oil=25,steel=20,stability=5,,
ch-hydropower,Гидроэнергия Альп,Расширить генерацию и распределение электроэнергии.,Горные реки дают стране собственную энергию и позволяют поддерживать промышленность в условиях дефицита импорта.,70,,Экономика,7,4,ch-war-economy,,factories=2,gdp=30,steel=12,,
ch-precision-industry,Точная промышленность,Поддержать станкостроение, оптику и часовое дело.,Высокая квалификация и малые серии делают швейцарскую промышленность гибкой и ценной для торговли.,56,,Экономика,7,5,ch-hydropower,,factories=3,gdp=35,rare=12,,
ch-rationing,Карточная система на случай блокады,Подготовить справедливое распределение дефицитных товаров.,Меры не вводятся без необходимости, но готовые правила предотвратят панику в случае изоляции страны.,42,1939-09-01,Экономика,7,6,ch-precision-industry,,food=80,stability=9,budget=15,,
ch-economic-independence,Самодостаточная конфедерация,Соединить энергетику, резервы и точную промышленность в устойчивую модель.,Швейцария сохраняет свободу решений благодаря запасам, производству и дисциплине финансовой системы.,70,,Экономика,7,7,ch-rationing,,factories=3,gdp=45,stability=8,politicalPower=35,,
ch-red-cross,Миссия Красного Креста,Расширить гуманитарную работу и медицинскую подготовку.,Швейцария использует нейтральный статус, чтобы помогать раненым, военнопленным и гражданскому населению по обе стороны фронта.,49,,Гуманитарная миссия,10,2,ch-course,,stability=8,politicalPower=25,manpower=60,,
ch-refugee-policy,Убежище и контроль границ,Создать понятные правила приёма беженцев и безопасности.,Гуманитарный долг требует ресурсов и проверки рисков. Конфедерация стремится сохранить достоинство людей и безопасность общества.,56,1938-11-09,Гуманитарная миссия,10,3,ch-red-cross,,stability=5,manpower=75,budget=-10,,
ch-protecting-power,Держава-покровительница,Предлагать дипломатическое посредничество и защиту интересов воюющих сторон.,Нейтральная дипломатия становится полезной, когда обеспечивает каналы связи там, где прямой диалог невозможен.,56,1939-09-01,Гуманитарная миссия,10,4,ch-refugee-policy,,politicalPower=55,stability=6,budget=20,,
ch-transit-control,Контроль транзита,Защитить железные дороги и пресечь использование территории в военных целях.,Строгое соблюдение нейтрального статуса помогает избежать втягивания страны в чужую войну.,42,1939-09-01,Гуманитарная миссия,10,5,ch-protecting-power,,commandPower=22,stability=7,steel=12,,
ch-good-offices,Добрые услуги Конфедерации,Закрепить роль Швейцарии как площадки переговоров.,Финальный гуманитарный курс: страна зарабатывает международный авторитет, не отказываясь от обороны и суверенитета.,70,,Гуманитарная миссия,10,6,ch-transit-control,,politicalPower=80,stability=12,gdp=20,,
ch-axis-trade,Уступки державам Оси,Сохранить торговые связи с Германией и Италией ценой политических компромиссов.,Альтернативная ветка. Она даёт краткосрочные выгоды, но отдаляет Швейцарию от равноудалённого нейтралитета.,56,1938-03-12,Ось,12,2,ch-course,,budget=55,steel=35,stability=-8,,Нейтралитет,Гуманитарная миссия
ch-axis-security,Континентальные гарантии,Искать безопасность через договорённости с ближайшими авторитарными соседями.,Альтернативная ветка: конфедерация меняет часть внешнеполитической свободы на сомнительные гарантии безопасности.,70,1939-09-01,Ось,12,3,ch-axis-trade,,warSupport=12,commandPower=30,politicalPower=30,,
ch-western-trade,Западный экономический контур,Укрепить связи с Францией, Великобританией и демократическими рынками.,Альтернативная ветка: торговая ориентация на Запад повышает устойчивость, но усложняет строгий нейтралитет.,56,1938-09-30,Западный блок,13,2,ch-course,,budget=45,gdp=28,stability=5,,Нейтралитет,Ось
ch-western-guarantees,Неофициальные западные гарантии,Искать политическую опору у демократических государств Европы.,Альтернативная ветка: Швейцария сближается с Западом, сохраняя формальный суверенитет.,70,1939-09-03,Западный блок,13,3,ch-western-trade,,politicalPower=45,commandPower=25,stability=6,,
ch-long-campaign,Швейцария на долгую кампанию,Свести оборону, демократию, экономику и гуманитарную дипломатию в стратегию на десятилетия.,Финальный фокус нейтральной Швейцарии: страна готова прожить сто игровых лет, развивая институты вместо бесконечной войны.,70,1940-01-01,Долгая кампания,6,10,ch-total-defense,ch-democratic-fortress,politicalPower=100,stability=15,factories=3,gdp=40,,
