МС-1,ББ,ПБ,ОФ,20,16,30,1,СССР,БТ-2,АТ-1,СУ-18,,5000,ЛТ,200,5,"0,0167","0,045",33,40,7,19,16,1,1,0,"4,6",1,,1,-6,20,РСФСР
БТ-2,ББ,ПБ,ОФ,50,40,80,2,СССР,БТ-7М,Т-28,,800,35000,ЛТ,380,"2,3","0,042","0,025",68,82,14,13,23,1,1,0,"3,8",1,,2,-6,,УССР
АТ-1,ББ,ПБ,ОФ,50,40,80,2,СССР,СУ-76,,,900,38000,ПТ,320,"2,3","0,062","0,06",68,82,14,17,18,1,1,0,"4,3",1,,1,-6,,РСФСР
ЛТП,ББ,ПБ,ОФ,50,40,80,3,СССР,,,,,,ЛТ,310,"2,3","0,024","0,036",68,82,14,16,19,1,1,0,"4,6",2,,1,-6,,РСФСР
БТ-7М,ББ,ПБ,ОФ,50,40,80,3,СССР,А-20,,,2300,85000,ЛТ,530,"2,6","0,036","0,031",68,82,14,18,17,1,1,0,6,1,,2,-6,,УССР
СУ-76,ББ,ПБ,ОФ,150,120,220,3,СССР,СУ-85Б,,,1900,70000,ПТ,320,"2,5","0,05","0,04",114,137,23,25,12,1,1,0,"4,2",1,,2,-6,,РСФСР
Т-28,ББ,ПБ,ОФ,150,120,220,3,СССР,А-32,КВ-85,,2000,75000,СТ,930,6,"0,042","0,04",114,137,23,30,10,1,1,0,"3,5",1,,3,-6,,РСФСР
А-20,ББ,ПБ,ОФ,50,40,80,4,СССР,Т-50,БТ-СВ,,6000,140000,ЛТ,600,"2,3","0,027","0,025",68,82,14,20,15,1,1,0,"4,4",1,,,-6,,УССР
А-32,ББ,ПБ,ОФ,150,120,220,4,СССР,Т-34,БТР-40,,6000,140000,СТ,630,"3,8","0,031","0,0275",114,137,23,20,15,1,1,0,"4,4",1,,,-6,,УССР
КВ-85,ББ,ПБ,ОФ,190,150,290,4,СССР,КВ-1,,,8000,200000,ТТ,1530,"6,2","0,026","0,045",162,194,32,75,4,1,1,0,"3,8",1,,,-6,,РСФСР
СУ-85Б,ББ,ПБ,ОФ,190,150,290,4,СССР,СУ-85,,,6500,150000,ПТ,1000,"5,1","0,041","0,036",162,194,32,45,7,1,1,0,"3,8",1,,,,,РСФСР
СУ-85,ББ,ПБ,ОФ,190,150,290,5,СССР,СУ-100,,,14500,380000,ПТ,970,5,"0,0385","0,03275",162,194,32,45,7,1,1,0,"3,7",1,,,,,РСФСР
КВ-1,ББ,ПБ,ОФ,150,120,220,5,СССР,КВ-2,КВ-1С,,15000,400000,ТТ,1430,6,"0,056","0,0515",114,137,23,75,4,1,1,0,"4,5",1,,,,,РСФСР
КВ-1С,ББ,ПБ,ОФ,190,150,290,5,СССР,ИС,,,16000,420000,ТТ,1400,"5,9","0,084","0,0225",162,194,32,60,5,1,1,0,"4,4",1,,,,,РСФСР
КВ-2 НГ,ОФ,ББ,КС,850,620,650,6,мировая нация,,,,,,ТТ,1730,"10,6","0,056","0,0515",91,456,500,75,4,1,1,0,"5,4",4,,,,,мировая нация
Т-34-85 НГ,ББ,ПБ,ОФ,190,150,290,6,мировая нация,,,,,,СТ,1070,"5,1","0,02","0,0257",162,194,32,45,7,1,1,0,"3,5",4,,,,,мировая нация
КВ-2,ОФ,ББ,КС,850,620,650,6,СССР,КВ-3,КВ-1С МЗ,,45000,950000,ТТ,1730,"10,6","0,056","0,0515",91,456,500,75,4,1,1,0,"5,4",1,,,,,РСФСР
ИС,ББ,ПБ,ОФ,400,320,600,6,СССР,ИС-5,,,50000,1100000,ТТ,1470,"7,9","0,097","0,025",244,293,49,120,3,1,1,0,"4,4",1,,,,,РСФСР
СУ-100,ББ,ПБ,ОФ,270,210,400,6,СССР,СУ-152,СУ-130,СУ-100М1,43000,900000,ПТ,1070,"6,1","0,0417","0,036",250,300,50,75,4,1,1,0,"3,7",1,,,,,РСФСР
ИС-3,ББ,ПБ,ОФ,400,320,600,8,СССР,ИС-8,,,125000,2400000,ТТ,1530,"8,1","0,097","0,0225",244,293,49,110,3,1,1,0,"4,4",1,,,,,РСФСР
КВ-3,ББ,ПБ,ОФ,310,340,460,7,СССР,КВ-4,ИС-2-II,КВ-4М,75000,1450000,ТТ,2270,"9,5","0,071","0,05625",235,260,47,90,3,1,1,0,"5,4",1,,4,,,РСФСР
СУ-130,ББ,ПБ,ОФ,450,360,680,7,СССР,СУ-130ПМ,,,70000,1400000,ПТ,1330,"10,5","0,0455","0,036",390,468,78,60,5,1,1,0,"3,7",1,,,,,РСФСР
ИС-2-II,ББ,ПБ,ОФ,400,320,600,8,СССР,ИС-3-II,Объект 703-II,,125000,2400000,ТТ,1730,"17,6","0,09","0,025",244,293,49,120,3,1,2,0,"4,4",1,,4,,,РСФСР
КВ-4,ББ,ПБ,ОФ,310,240,460,8,СССР,СТ-I,,,120000,2300000,ТТ,1800,"12,5","0,0833","0,06",235,282,47,130,2,1,1,0,"3,9",1,,4,,,РСФСР
СУ-130ПМ,ББ,ПБ,ОФ,450,360,680,8,СССР,ИСУ-130,,,125000,2400000,ПТ,1100,"12,5","0,05","0,036",390,468,78,90,3,1,1,0,"3,7",1,,,,,РСФСР
ИС-3-II,ББ,ПБ,ОФ,400,320,600,9,СССР,СТ-II,,,210000,3800000,ТТ,1830,18,"0,09","0,025",244,293,49,133,2,1,2,0,"4,4",1,,,,,РСФСР
СТ-I,ББ,ПБ,ОФ,320,250,480,9,СССР,ИС-4,,,200000,3400000,ТТ,3070,"14,5","0,0833","0,06",178,214,36,190,2,1,1,0,"5,4",1,,4,,,РСФСР
ИСУ-130,ББ,ПБ,ОФ,450,360,680,9,СССР,объект 263,,,190000,3400000,ПТ,1600,"10,8","0,0556","0,045",390,468,78,90,3,1,1,0,"3,7",1,,,,,РСФСР
ИС-4,ББ,ПБ,ОФ,400,320,600,10,СССР,,,,250000,6200000,ТТ,2000,"9,5","0,0833","0,06",244,293,49,220,2,1,1,0,"5,4",1,,4,,,РСФСР
объект 263,ББ,ПБ,ОФ,450,360,680,10,СССР,,,,260000,6500000,ПТ,1830,"9,5","0,0333","0,03275",390,468,78,120,3,1,1,0,3,1,,,,,РСФСР
СТ-II,ББ,ПБ,ОФ,450,360,680,10,СССР,,,,260000,6500000,ТТ,2170,21,"0,08","0,02275",390,468,78,239,2,1,2,0,4,1,,4,,,РСФСР
Т-64,ББ,ПБ,ОФ,470,380,700,10,СССР,,,,,,СТ,1330,"6,45","0,02","0,0257",225,270,45,128,2,1,1,0,"3,5",4,,,,,УССР
БЗ-155,ББ,ПБ,ОФ,680,540,1020,10,Китай,,,,,,ТТ,2170,15,"0,05","0,05145",264,317,53,140,2,1,1,0,"6,1",4,,4,,,Китай
Т-50,ББ,ПБ,ОФ,50,40,80,5,СССР,МТ-25,ПТ-76Б,,13000,350000,ЛТ,730,"2,3","0,0238","0,03",68,82,14,37,8,1,1,0,4,1,,1,,,РСФСР
МТ-25,ББ,ПБ,ОФ,50,40,80,6,СССР,ЛТГ,,,25000,600000,ЛТ,400,"2,4","0,025","0,025",68,82,14,20,15,1,1,0,4,1,,1,,,РСФСР
ЛТГ,ББ,ПБ,ОФ,150,120,220,7,СССР,ЛТТБ,,,45000,1100000,ЛТ,500,"3,5","0,0263","0,0277",114,137,23,30,10,1,1,0,4,1,,2,,,РСФСР
ЛТТБ,ББ,ПБ,ОФ,150,120,220,8,СССР,Т-54Л,,,80000,1800000,ЛТ,500,"3,5","0,0263","0,0277",114,137,23,30,10,1,1,0,4,1,,2,,,РСФСР
Т-54Л,ББ,ПБ,ОФ,270,210,400,9,СССР,Т-100ЛТ,,,150000,3200000,ЛТ,1200,6,"0,0227","0,036",250,300,50,80,4,1,1,0,4,1,,2,,,РСФСР
Т-100ЛТ,ББ,ПБ,ОФ,270,210,400,10,СССР,,,,240000,5000000,ЛТ,1330,6,"0,025","0,03275",250,300,50,90,3,1,1,0,"3,26",1,,2,,,РСФСР
Т-1 петрушка,ББ,КС,ОФ,10,11,15,1,мировая нация,Т-31 смирный,,,,5000,ЛТ,120,"2,3","0,025","0,0257",24,26,5,7,43,1,1,0,"4,6",1,,1,,,мировая нация
Т-31 смирный,ББ,КС,ОФ,50,55,70,2,мировая нация,Т-97 рак,,,800,200000,ЛТ,270,3,"0,025","0,0257",41,45,8,9,33,1,1,0,"4,2",1,,1,,,мировая нация
Т-97 рак,ББ,КС,ОФ,100,110,150,3,мировая нация,Т-113 пуля,,,2700,450000,ЛТ,370,"3,7","0,025","0,0257",58,64,12,9,33,1,1,0,4,1,,1,,,мировая нация
Т-113 пуля,ББ,КС,ОФ,150,160,220,4,мировая нация,Т-274 вано,,,6400,800000,ЛТ,420,"4,2","0,025","0,0257",74,81,14,10,30,1,1,0,3,1,,1,,,мировая нация
Т-274 вано,ББ,КС,ОФ,170,180,250,5,мировая нация,Т-578 алмаз,К.Р.-17 А.К.,,12500,1250000,ЛТ,430,5,"0,025","0,0257",84,92,16,12,25,1,1,0,3,1,,1,,,мировая нация
Т-578 алмаз,ББ,КС,ОФ,170,180,250,6,мировая нация,Т-846 жук,НОРТ-273 корнишон,,21600,1800000,ЛТ,470,6,"0,025","0,0257",84,92,"16,8",12,25,1,1,0,"2,7",1,,2,,,мировая нация
Т-846 жук,ББ,КС,ОФ,170,180,250,7,мировая нация,Т-1375 демон,,,34300,2450000,ЛТ,550,"4,9","0,025","0,0257",84,92,"16,8",16,19,1,1,0,"2,5",1,,2,,,мировая нация
Т-1375 демон,ББ,КС,ОФ,250,280,380,8,мировая нация,Т-2846 тема,,,51200,3200000,ЛТ,710,"4,9","0,025","0,0257",113,124,"22,6",20,15,1,1,0,"2,5",1,,2,,,мировая нация
Т-2846 тема,ББ,КС,ОФ,320,280,480,9,мировая нация,Т-5274 император,,,72900,4050000,ЛТ,730,"5,1","0,025","0,0257",144,158,"28,8",20,15,1,1,0,"2,2",1,,2,,,мировая нация
Т-5274 император,ББ,КС,ОФ,440,480,660,10,мировая нация,,,,100000,5000000,ЛТ,860,"5,3","0,025","0,0257",200,220,40,30,10,1,1,0,2,1,,2,,,мировая нация
К.Р.-17 А.К.,ОФ,КС,ПБ,400,290,360,6,мировая нация,К.Р.-27 акоп,,,21600,1800000,ПТ,1000,"9,6","0,05","0,09",32,176,192,35,30,1,1,0,4,1,,2,,,мировая нация
К.Р.-27 акоп,ОФ,КС,ПБ,680,500,450,7,мировая нация,К.Р.-43 врач,,,34300,2450000,ПТ,1150,"10,9","0,05","0,09",41,229,250,10,30,1,1,0,"3,5",1,,2,,,мировая нация
К.Р.-43 врач,ОФ,КС,ПБ,960,700,620,8,мировая нация,К.Р.-56 эра,,,51200,3200000,ПТ,1250,"11,6","0,05","0,09",49,273,298,10,30,1,1,0,"2,6",1,,2,,,мировая нация
К.Р.-56 эра,ОФ,КС,ПБ,1300,950,910,9,мировая нация,К.Р.-80 космос,,,72900,4050000,ПТ,1550,"14,7","0,05","0,09",57,317,346,10,30,1,1,0,"2,2",1,,2,,,мировая нация
К.Р.-80 космос,ОФ,КС,ПБ,1600,1280,1140,10,мировая нация,,,,100000,5000000,ПТ,1850,"15,3","0,05","0,09",64,352,384,10,30,1,1,0,2,1,,2,,,мировая нация
НОРТ-273 корнишон,ББ,ПБ,ОФ,300,240,450,7,мировая нация,НОРТ-287 заместитель,,,34300,2450000,ТТ,1900,12,"0,04","0,072",190,228,38,126,3,1,1,0,4,1,,4,,,мировая нация
НОРТ-287 заместитель,ББ,ПБ,ОФ,340,280,520,8,мировая нация,НОРТ-356 кол,,,51200,3200000,ТТ,2000,14,"0,04","0,072",203,244,40,170,4,1,1,0,"3,8",1,,4,,,мировая нация
НОРТ-356 кол,ББ,ПБ,ОФ,340,280,520,9,мировая нация,НОРТ-500 боб,,,72900,4050000,ТТ,2300,10,"0,04","0,072",203,244,40,160,4,1,1,0,"3,5",1,,4,,,мировая нация
НОРТ-500 боб,ББ,ПБ,ОФ,450,360,670,10,мировая нация,,,,100000,5000000,ТТ,2450,11,"0,04","0,072",300,340,70,200,4,1,1,0,3,1,,5,,,мировая нация
Nexor,ББ,КС,ОФ,350,390,530,10,мировая нация,,,,,,СТ,1430,7,"0,017","0,036",210,231,42,140,2,3,1,5,"2,5",4,,3,,,мировая нация
ИС-5,ББ,ПБ,ОФ,400,320,600,7,СССР,ИС-3,Объект 703,,78000,1500000,ТТ,1670,"8,5","0,097","0,0225",244,293,49,180,2,1,1,0,"4,6",1,,4,,,РСФСР
ИС-8,ББ,ПБ,ОФ,470,370,700,9,СССР,ИС-7,,,200000,3600000,ТТ,1670,7,"0,097","0,0225",250,300,50,170,2,1,1,0,"3,8",1,,4,,,РСФСР
ИС-7,ББ,ПБ,ОФ,470,370,700,10,СССР,,,,250000,6200000,ТТ,2270,7,"0,097","0,0225",330,396,66,260,2,1,1,0,4,1,,4,,,РСФСР
Strv K,ББ,ПБ,ОФ,370,290,550,10,Швеция,,,,,,ТТ,1330,6,"0,025","0,0257",210,252,42,160,2,1,1,0,"3,5",2,,4,,,Швеция
Erich Konzept I,ББ,ПБ,ОФ,370,290,550,10,Германия,,,,,,СТ,1500,7,"0,02","0,036",210,252,42,200,2,1,1,0,"3,2",2,,3,,,Веймарская республика
Projet Murat,ББ,ПБ,ОФ,370,290,550,10,Франция,,,,,,СТ,1000,"6,4","0,0167","0,0257",210,252,42,60,5,1,1,0,3,2,,3,,,Франция
Wz.66T,ББ,ПБ,ОФ,440,350,660,8,Польша,,,,,,ПТ,1300,9,"0,0167","0,0257",228,274,46,120,3,1,1,0,3,2,,3,,,Польша
Sturmtiger,ОФ,КС,ББ,4500,3300,3000,10,Германия,,,,,,ПТ,2270,20,"0,0167","0,0257",70,385,350,100,3,1,1,0,12,2,,3,,,Веймарская республика
Объект 260,ББ,ПБ,ОФ,470,380,710,10,СССР,,,,,,ТТ,1600,8,"0,0167","0,0257",350,420,70,130,2,1,1,0,"3,6",2,,4,,,РСФСР
Т-10,ББ,ПБ,ОФ,470,380,710,9,СССР,,,,,,ТТ,1670,9,"0,0167","0,0257",232,278,46,100,3,1,1,0,"3,6",2,,4,,,РСФСР
Объект 780,ББ,КС,ОФ,620,500,930,10,СССР,,,,,,ТТ,1670,8,"0,0167","0,0257",232,255,46,95,3,1,1,0,"3,8",2,,4,,,РСФСР
КВ-1К,ПТУР,ПТУР,ПТУР,390,390,390,6,СССР,,,,,,ТТ,1570,15,"0,0167","0,0257",130,130,130,80,4,4,1,0,0,2,,3,,,РСФСР
КВ-12,огонь,огонь,огонь,2,2,2,5,СССР,,,,,,ТТ,1500,"0,1","0,0167","0,0257",,,,75,4,5,1,0,5,2,,3,,,РСФСР
MBT-B,ПБ,КС,ОФ,420,580,790,10,США,,,,,,ТТ,2170,8,"0,0167","0,0257",317,290,53,140,2,1,1,0,"3,5",2,,4,,,США
XM-57,ОФ,КС,ББ,960,510,480,10,США,,,,,,ПТ,1670,11,"0,0167","0,0257",50,273,248,70,4,1,1,0,"3,2",2,,4,,,США
СУ-18,ОФ,ОФ,ОФ,70,70,70,2,СССР,СУ-26,,,900,38000,САУ,260,"4,2","0,0167","0,04",27,27,27,6,50,6,1,0,5,1,,1,,,РСФСР
объект 261,ОФ,ОФ,ОФ,900,900,900,10,СССР,,,,260000,6500000,САУ,1950,"19,5","0,0167","0,055",142,142,142,25,12,6,1,0,10,1,,5,,,РСФСР
СТ-III,ББ,КС,ОФ,300,330,450,10,СССР,,,,,,ТТ,2230,18,"0,0167","0,0257",225,248,45,200,2,1,3,0,6,2,,4,,,РСФСР
212А,ОФ,ОФ,ОФ,700,700,700,9,СССР,объект 261,,,190000,3400000,САУ,1550,"17,7","0,0167","0,05",101,101,101,20,15,6,1,0,10,1,,4,,,РСФСР
СУ-14-2,ОФ,ОФ,ОФ,650,650,650,8,СССР,212А,2С7 Пион,,125000,2400000,САУ,1350,15,"0,0167","0,05",91,91,91,18,17,6,1,0,10,1,,3,,,РСФСР
СУ-14-1,ОФ,ОФ,ОФ,500,500,500,7,СССР,СУ-14-2,,,70000,1400000,САУ,1200,"14,5","0,0167","0,045",91,91,91,18,17,6,1,0,10,1,,3,,,РСФСР
СУ-8,ОФ,ОФ,ОФ,400,400,400,6,СССР,СУ-14-1,,,43000,900000,САУ,950,"12,8","0,0167","0,045",68,68,68,15,20,6,1,0,7,1,,2,,,РСФСР
СУ-122А,ОФ,ОФ,ОФ,300,300,300,5,СССР,СУ-8,СГ-122,,14500,380000,САУ,800,10,"0,0167","0,042",68,68,68,15,20,6,1,0,9,1,,2,,,РСФСР
СУ-5,ОФ,ОФ,ОФ,190,190,190,4,СССР,СУ-122А,,,8000,200000,САУ,600,"5,8","0,0167","0,042",55,55,55,10,30,6,1,0,5,1,,2,,,РСФСР
СУ-26,ОФ,ОФ,ОФ,80,80,80,3,СССР,СУ-5,,,1900,70000,САУ,340,"3,4","0,0167","0,04",27,27,27,5,60,6,1,0,3,1,,1,,,РСФСР
Т-34,ББ,КС,ОФ,130,140,190,5,СССР,Т-34-85,,,13000,350000,СТ,880,4,"0,0167","0,0257",103,124,21,90,3,1,1,0,3,1,,2,,,УССР
Т-34 блокадный,ББ,КС,ОФ,150,160,220,5,СССР,,,,,,СТ,880,4,"0,0167","0,0257",110,132,22,90,3,1,1,0,3,4,,2,,,РСФСР
Т-34-85,ББ,КС,ОФ,190,210,280,6,СССР,Т-43,объект 274а,,25000,600000,СТ,1070,5,"0,0167","0,0257",135,162,27,90,3,1,1,0,"3,3",1,,2,,,УССР
Т-43,ББ,КС,ОФ,190,210,280,7,СССР,Т-44,объект 416,Объект 427,45000,1100000,СТ,1130,5,"0,0167","0,0257",135,162,27,140,2,1,1,0,"3,3",1,,2,,,РСФСР
Т-44,ББ,КС,ОФ,270,290,400,8,СССР,Т-54,,,80000,1800000,СТ,1070,6,"0,0167","0,0257",200,240,40,140,2,1,1,0,"3,5",1,,3,,,УССР
Т-54,ББ,КС,ОФ,330,370,490,9,СССР,Т-62,,,150000,3200000,СТ,1200,6,"0,0167","0,0257",200,240,40,170,2,1,1,0,"3,5",1,,3,,,УССР
Т-62,ББ,КС,ОФ,670,730,1000,10,СССР,,,,240000,5000000,СТ,1230,7,"0,0167","0,0257",350,420,70,200,2,1,1,0,4,1,,3,,,РСФСР
ИС-4 С-70,ББ,КС,ОФ,650,720,970,10,СССР,,,,,,ТТ,2070,10,"0,0167","0,0257",299,359,60,220,2,1,1,0,4,4,,4,,,РСФСР
ИС-4К,ББ,КС,ОФ,470,520,700,10,СССР,,,,,,ТТ,2170,"8,5","0,0167","0,0257",232,278,46,260,2,1,1,0,3,4,,4,,,РСФСР
ИС-4М,ББ,КС,ОФ,470,520,700,10,СССР,,,,,,ТТ,2000,"7,5","0,0167","0,0257",232,278,46,220,2,1,1,0,"2,6",4,,4,,,РСФСР
объект 268,ББ,КС,ОФ,620,680,930,10,СССР,,,,270000,6800000,ПТ,2000,12,"0,0167","0,0257",456,547,91,120,3,1,1,0,"4,7",1,,3,,,РСФСР
объект 704,ББ,КС,ОФ,620,680,930,9,СССР,объект 268,,,195000,3500000,ПТ,1670,14,"0,0167","0,0257",456,547,91,120,3,1,1,0,6,1,,3,,,РСФСР
ИСУ-152,ББ,КС,ОФ,560,620,840,8,СССР,объект 704,,,130000,2500000,ПТ,1100,16,"0,0167","0,0257",456,547,91,90,3,1,1,0,6,1,,3,,,РСФСР
СУ-152,ББ,КС,ОФ,620,680,930,7,СССР,ИСУ-152,,,76000,1480000,ПТ,1530,19,"0,0167","0,0257",456,547,91,75,4,1,1,0,8,1,,3,,,РСФСР
объект 416,ББ,КС,ОФ,270,290,400,8,СССР,объект 430,,,130000,130000,СТ,1070,7,"0,0167","0,0257",250,300,50,75,4,1,1,0,"3,3",1,,3,,,УССР
объект 430,ББ,КС,ОФ,270,290,400,9,СССР,объект 430Б,,,180000,180000,СТ,1200,6,"0,0167","0,0257",250,300,50,100,3,1,1,0,"3,7",1,,3,,,УССР
объект 430Б,ББ,КС,ОФ,270,290,400,10,СССР,,,,240000,240000,СТ,1230,5,"0,0167","0,0257",250,300,50,120,3,1,1,0,3,1,,3,,,УССР
Pz I,ББ,КС,ОФ,10,11,10,1,Германия,Pz II,Panzerjager I,G.Pz. Mk. VI (e),0,5000,ЛТ,180,"2,66","0,033","0,036",24,29,5,13,23,1,1,0,"2,6",1,,1,,,Веймарская республика
Pz II,ББ,КС,ОФ,10,11,10,2,Германия,Pz III,Pz. II G,,1700,41000,ЛТ,300,"1,5","0,033","0,033",31,37,6,14,21,1,1,0,3,1,,1,,,Веймарская республика
Panzerjager I,ББ,КС,ОФ,50,55,70,2,Германия,Marder II,,,1800,46000,ПТ,220,3,"0,067","0,04",66,79,13,11,27,1,1,0,2,1,,1,,,Веймарская республика
Pz III,ББ,КС,ОФ,30,33,40,3,Германия,Pz IV D,Pz. III J,,4500,75000,СТ,500,"2,5","0,033","0,036",52,62,10,21,14,1,1,0,"2,4",1,,1,,,Веймарская республика
Marder II,ББ,КС,ОФ,130,143,190,3,Германия,StuG III,,,4000,69000,ПТ,350,3,"0,05","0,045",98,118,20,11,27,1,1,0,"2,1",1,,1,,,Веймарская республика
Pz IV D,ББ,КС,ОФ,160,176,240,4,Германия,Pz IV G,Pz. IV H,,4000,300000,ТТ,670,3,"0,033","0,045",119,143,24,33,9,1,1,0,3,1,,2,,,Веймарская республика
StuG III,ББ,КС,ОФ,100,110,150,4,Германия,StuG IV,,,14000,376000,ПТ,680,2,"0,05","0,045",83,100,17,35,9,1,1,0,3,1,,2,,,Веймарская республика
Pz IV G,ББ,КС,ОФ,160,176,240,5,Германия,VK 36.01 H,,,25000,375000,ТТ,780,"3,3","0,033","0,045",119,143,24,33,9,1,1,0,"3,5",1,,2,,,Веймарская республика
StuG IV,ББ,КС,ОФ,160,176,240,5,Германия,Jagdpanzer IV,Nashorn,,22000,345000,ПТ,770,"2,5","0,05","0,045",150,180,30,35,9,1,1,0,3,1,,2,,,Веймарская республика
VK 36.01 H,ББ,КС,ОФ,200,220,300,6,Германия,tiger I,,,41000,531000,ТТ,1330,6,"0,04","0,045",136,163,27,70,4,1,1,0,4,1,,3,,,Веймарская республика
Jagdpanzer IV,ББ,КС,ОФ,230,253,340,6,Германия,Jagdpanther I,,,32000,414000,ПТ,800,"3,5","0,045","0,045",200,240,40,35,9,1,1,0,"2,8",1,,3,,,Веймарская республика
tiger I,ББ,КС,ОФ,200,220,300,7,Германия,tiger II,,,56000,620000,ТТ,1900,"5,5","0,04","0,047",136,163,27,75,4,1,1,0,"3,5",1,,3,,,Веймарская республика
Jagdpanther I,ББ,КС,ОФ,260,286,390,7,Германия,Jagdpanther II,,,44000,483000,ПТ,1530,4,"0,042","0,039",176,211,35,55,5,1,1,0,"3,3",1,,3,,,Веймарская республика
tiger II,ББ,КС,ОФ,260,286,390,8,Германия,E75,,,184000,5600000,ТТ,1750,6,"0,045","0,047",200,240,40,100,3,1,1,0,3,1,,4,,,Веймарская республика
Jagdpanther II,ББ,КС,ОФ,370,407,550,8,Германия,Jagdtiger,,,144000,4400000,ПТ,1250,5,"0,042","0,039",210,252,42,55,5,1,1,0,"3,8",1,,3,,,Веймарская республика
E75,ББ,КС,ОФ,370,407,550,9,Германия,E100,,,232000,6300000,ТТ,2670,7,"0,045","0,047",210,252,42,55,5,1,1,0,"3,8",1,,4,,,Веймарская республика
Jagdtiger,ББ,КС,ОФ,650,715,970,9,Германия,JG E100,,,182000,4900000,ПТ,2400,"6,8","0,045","0,047",236,283,47,122,2,1,1,0,"4,2",1,,4,,,Веймарская республика
E100,ББ,КС,ОФ,650,715,970,10,Германия,,,,287000,7000000,ТТ,4670,14,"0,056","0,06",255,306,51,147,2,1,1,0,"4,5",1,,5,,,Веймарская республика
JG E100,ББ,КС,ОФ,770,857,1150,10,Германия,,,,225000,5500000,ПТ,4670,12,"0,067","0,06",300,360,60,160,2,1,1,0,5,1,,5,,,Веймарская республика
Объект 279,ББ,ПБ,ОФ,620,496,930,10,СССР,,,,287000,7000000,ТТ,2000,8,"0,067","0,06",286,315,57,160,2,1,1,0,"3,8",1,,,,,РСФСР
Объект 726,ББ,ПБ,ОФ,470,376,700,9,СССР,Объект 279,,,232000,6300000,ТТ,1930,"8,5","0,067","0,06",232,255,46,140,2,1,1,0,"3,6",1,,,,,РСФСР
Объект 752,ББ,ПБ,ОФ,470,376,700,8,СССР,Объект 726,,,184000,5000000,ТТ,1830,10,"0,067","0,06",232,255,46,135,2,1,1,0,"3,6",1,,,,,РСФСР
СТ-62 Вариант 2,ББ,ПБ,ОФ,330,264,490,9,СССР,Объект 907,,,49000,1500000,СТ,1070,8,"0,033","0,036",200,220,40,85,4,1,1,0,"3,6",1,,,,,РСФСР
Объект 274а,ББ,ПБ,ОФ,230,184,340,7,СССР,Объект 752,объект 407,Т-54 ГТД,49000,1500000,СТ,900,7,"0,033","0,036",162,178,32,85,4,1,1,0,"3,6",1,,,,,РСФСР
Объект 907,ББ,ПБ,ОФ,380,304,570,10,СССР,,,,250000,6000000,СТ,1200,5,"0,033","0,036",220,242,44,115,3,1,1,0,"2,1",1,,,,,РСФСР
Объект 407,ББ,ПБ,ОФ,470,376,700,8,СССР,СТ-62 Вариант 2,,,184000,5000000,СТ,1830,10,"0,033","0,036",232,255,46,135,2,1,1,0,"3,6",1,,,,,РСФСР
G.W. E100,ОФ,ОФ,ОФ,900,900,900,10,Германия,,,,260000,6500000,САУ,1950,"19,5","0,091","0,055",144,144,144,50,6,6,1,0,10,1,,5,,,Веймарская республика
G.W. Tiger,ОФ,ОФ,ОФ,700,700,700,9,Германия,G.W. E100,,,190000,3400000,САУ,1550,"17,7","0,091","0,05",128,128,128,45,7,6,1,0,10,1,,,,,Веймарская республика
G.W. Tiger (P),ОФ,ОФ,ОФ,600,600,600,8,Германия,G.W. Tiger,,,125000,2400000,САУ,1300,"15,7","0,091","0,05",112,112,112,40,8,6,1,0,10,1,,,,,Веймарская республика
G.W. Panther,ОФ,ОФ,ОФ,500,500,500,7,Германия,G.W. Tiger (P),,,70000,1400000,САУ,1150,"14,5","0,091","0,045",96,96,96,35,9,6,1,0,9,1,,,,,Веймарская республика
Hummel,ОФ,ОФ,ОФ,400,400,400,6,Германия,G.W. Panther,,,43000,900000,САУ,950,"12,8","0,091","0,045",80,80,80,30,10,6,1,0,7,1,,,,,Веймарская республика
Grile,ОФ,ОФ,ОФ,300,300,300,5,Германия,Hummel,,,14500,380000,САУ,760,10,"0,091","0,045",64,64,64,25,12,6,1,0,5,1,,,,,Веймарская республика
Pz.Sfl. Ivb,ОФ,ОФ,ОФ,260,260,260,4,Германия,Grile,,,8000,200000,САУ,580,8,"0,091","0,042",48,48,48,20,15,6,1,0,4,1,,,,,Веймарская республика
Sturmpanzer I bison,ОФ,ОФ,ОФ,170,170,170,3,Германия,Pz.Sfl. Ivb,,,1900,70000,САУ,350,"7,2","0,091","0,04",32,32,32,15,20,6,1,0,3,1,,,,,Веймарская республика
G.Pz. Mk. VI (e),ОФ,ОФ,ОФ,100,100,100,2,Германия,Sturmpanzer I bison,,,900,38000,САУ,280,"5,6","0,091","0,04",16,16,16,10,30,6,1,0,2,1,,,,,Германия
Pz. II G,КС,ББ,ОФ,55,50,65,3,Германия,Luchs,,,1400,40000,ЛТ,320,7,"0,0238","0,03",55,50,10,15,20,1,1,0,2,1,,,,,Веймарская республика
Luchs,КС,ББ,ОФ,75,70,90,4,Германия,Leopard,,,3500,180000,ЛТ,500,6,"0,0238","0,03",88,80,16,15,20,1,1,0,2,1,,,,,Веймарская республика
Leopard,КС,ББ,ОФ,110,100,130,5,Германия,VK 28.01,,,9000,350000,ЛТ,600,6,"0,0238","0,03",105,95,19,40,8,1,1,0,2,1,,,,,Веймарская республика
VK 28.01,КС,ББ,ОФ,155,140,180,6,Германия,SP I C,,,25000,600000,ЛТ,800,6,"0,0238","0,03",116,105,21,40,8,1,1,0,2,1,,,,,Веймарская республика
SP I C,КС,ББ,ОФ,200,180,230,7,Германия,HWK 12,,,45000,1100000,ЛТ,950,"5,5","0,0238","0,03",165,150,30,10,30,1,1,0,2,1,,,,,ФРГ
HWK 12,КС,ББ,ОФ,240,220,290,8,Германия,Ru 251,,,80000,1800000,ЛТ,1100,"5,2","0,0238","0,03",215,195,39,15,20,1,1,0,2,1,,,,,ФРГ
Ru 251,КС,ББ,ОФ,280,260,340,9,Германия,Rhm. Pzw.,,,150000,3200000,ЛТ,1350,"5,2","0,0238","0,03",237,215,43,23,13,1,1,0,2,1,,,,,ФРГ
Rhm. Pzw.,КС,ББ,ОФ,330,300,390,10,Германия,,,,240000,5000000,ЛТ,1600,5,"0,0238","0,03",303,275,55,40,8,1,1,0,2,1,,,,,ФРГ
Pz. III J,ББ,КС,ОФ,120,130,160,4,Германия,VK 30.01 H,,,4000,190000,СТ,510,"6,5","0,067",0.05,80,88,16,45,7,1,1,0,"2,6",1,,,,,Веймарская республика
VK 30.01 H,ББ,КС,ОФ,180,200,230,5,Германия,VK 30.02 M,,,9200,380000,СТ,750,8,0.067,0.05,95,105,19,50,6,1,1,0,"2,6",1,,,,,Веймарская республика
VK 30.02 M,ББ,КС,ОФ,230,250,300,6,Германия,Panther I,VK 30.02 D,,25000,600000,СТ,950,8,0.067,0.05,105,116,21,55,5,1,1,0,"2,6",1,,,,,Веймарская республика
Panther I,ББ,КС,ОФ,270,300,350,7,Германия,Panther F,,,45000,1100000,СТ,1100,7,0.067,0.05,150,165,30,70,4,1,1,0,"2,6",1,,,,,Веймарская республика
Panther F,ББ,КС,ОФ,280,310,360,8,Германия,Panther II,,,80000,1800000,СТ,1300,"6,5",0.067,0.05,195,215,39,80,4,1,1,0,"2,6",1,,,,,Веймарская республика
Panther II,ББ,КС,ОФ,320,350,420,9,Германия,E50,,,150000,3200000,СТ,1600,"6,5",0.067,0.05,215,237,43,95,3,1,1,0,"2,6",1,,,,,Веймарская республика
E50,ББ,КС,ОФ,360,400,470,10,Германия,,,,240000,5000000,СТ,1850,"6,5",0.067,0.05,275,303,55,115,3,1,1,0,"2,6",1,,,,,Веймарская республика
Pz. IV H,ББ,ПБ,ОФ,160,130,210,5,Германия,VK 30.01 P,,,10000,400000,ТТ,850,8,"0,05","0,05",100,120,20,60,5,1,1,0,"3,2",1,,,,,Веймарская республика
VK 30.01 P,ББ,ПБ,ОФ,230,180,300,6,Германия,Tiger (P),,,25000,800000,ТТ,1100,10,"0,05","0,05",110,132,22,110,3,1,1,0,"4,2",1,,,,,Веймарская республика
Tiger (P),ББ,ПБ,ОФ,260,210,340,7,Германия,VK 100.01 P,VK 75.01 K,,45000,1350000,ТТ,1600,10,"0,05","0,05",155,186,31,110,3,1,1,0,"5,2",1,,,,,Веймарская республика
VK 100.01 P,ББ,ПБ,ОФ,420,340,550,8,Германия,Mauschen,,,80000,2500000,ТТ,2000,15,"0,091","0,082",200,240,40,190,2,1,1,0,"4,7",1,,5,,,Веймарская республика
Mauschen,ББ,ПБ,ОФ,430,340,560,9,Германия,MAUS,,,160000,4200000,ТТ,2500,11,"0,091","0,082",220,264,44,200,2,1,1,0,4,1,,5,,,Веймарская республика
MAUS,ББ,ПБ,ОФ,460,370,600,10,Германия,,,,250000,7000000,ТТ,3000,10,"0,091","0,082",280,336,56,280,2,1,1,0,"2,3",1,,5,,,Веймарская республика
VK 75.01 K,ББ,ПБ,ОФ,460,370,600,8,Германия,VK 45.02 B,,,75000,2350000,ТТ,1800,15,"0,05","0,05",200,240,40,120,3,1,1,0,3,1,,,,,Веймарская республика
VK 45.02 B,ББ,ПБ,ОФ,460,370,600,9,Германия,VK 90.01 P,VK 72.01 K,Pz.Kpfw VII,145000,4000000,ТТ,2100,15,"0,05","0,05",220,264,44,120,3,1,1,0,3,1,,,,,Веймарская республика
VK 90.01 P,ББ,ПБ,ОФ,460,370,600,10,Германия,,,,220000,6700000,ТТ,2400,10,"0,05","0,05",280,336,56,190,2,1,1,0,2,1,,,,,Веймарская республика
VK 72.01 K,ББ,ПБ,ОФ,600,480,780,10,Германия,,,,220000,6700000,ТТ,2700,15,"0,05","0,05",300,360,60,125,2,1,1,0,"3,5",1,,,,,Веймарская республика
Pz.Kpfw VII,ББ,ПБ,ОФ,700,560,910,10,Германия,,,,220000,6700000,ТТ,2700,18,"0,05","0,05",316,380,64,120,3,1,1,0,4,1,,,,,Веймарская республика
Nashorn,ББ,КС,ОФ,150,170,200,6,Германия,Sturer Emil,,,21600,1800000,ПТ,900,7,"0,05","0,05",155,"170,5",31,25,12,1,1,0,3,1,,,,,Веймарская республика
Sturer Emil,ББ,КС,ОФ,200,220,260,7,Германия,Rhm.-B. WT,,,34300,2450000,ПТ,1050,9,"0,05","0,05",200,220,40,40,8,1,1,0,3,1,,,,,Веймарская республика
Rhm.-B. WT,ББ,КС,ОФ,460,510,600,8,Германия,WT auf Pz. IV,,,51200,3200000,ПТ,1200,18,"0,05","0,05",220,242,44,40,8,1,1,0,3,1,,,,,Веймарская республика
WT auf Pz. IV,ББ,КС,ОФ,550,610,720,9,Германия,WT auf E100,,,72900,4050000,ПТ,1600,20,"0,05","0,05",280,308,56,65,5,1,1,0,3,1,,,,,Веймарская республика
WT auf E100,ББ,КС,ОФ,400,440,520,10,Германия,,,,100000,5000000,ПТ,2000,30,"0,05","0,05",330,363,66,90,3,2,1,6,3,1,,,,,Веймарская республика
VK 30.02 D,ББ,КС,ОФ,230,250,300,7,Германия,Kampfpanzer 07 RH,,,43000,1000000,СТ,1000,6,"0,04","0,05",150,165,30,40,8,1,1,0,2,1,,,,,Веймарская республика
Kampfpanzer 07 RH,ББ,КС,ОФ,230,250,300,8,Германия,Leopard PT A,,,75000,1700000,СТ,1200,"5,4","0,04","0,05",195,215,39,70,4,1,1,0,2,1,,,,,ФРГ
Leopard PT A,ББ,КС,ОФ,260,290,340,9,Германия,Leopard 1,,,135000,3000000,СТ,1450,"5,5","0,04","0,05",215,237,43,45,7,1,1,0,2,1,,,,,ФРГ
Leopard 1,ББ,КС,ОФ,300,330,390,10,Германия,,,,210000,4900000,СТ,1700,"4,6","0,04","0,05",275,303,55,45,7,1,1,0,2,1,,,,,ФРГ
ПТ-76Б,КС,ПБ,ОФ,,,,6,СССР,Объект 685,,,,600000,ЛТ,680,9,0.0250,0.03275,,,,,,1,1,0,,0,10,,,,РСФСР
Объект 685,КС,ПБ,ОФ,,,,7,СССР,Объект 906,,,,1000000,ЛТ,800,8,0.0250,0.03275,,,,,,1,1,0,,0,10,,,,РСФСР
Объект 906,КС,ПБ,ОФ,,,,8,СССР,Объект 906М,,,,1900000,ЛТ,1000,7,0.0250,0.03275,,,,,,1,1,0,,0,10,,,,РСФСР
Объект 906М,КС,ПБ,ОФ,,,,9,СССР,Объект 788,,,,2600000,ЛТ,1200,6,0.0250,0.03275,,,,,,1,1,0,,0,10,,,,РСФСР
Объект 788,КС,ПБ,ОФ,,,,10,СССР,,,,,5300000,ЛТ,1500,"5,5",0.0250,0.03275,,,,,,1,1,0,,0,10,,,,РСФСР
БТ-СВ,КС,ПБ,ОФ,,,,5,СССР,БТ-СВ-2,,,,,КТ,,,,,,,,,,1,1,0,,0,,,,,РСФСР
БТ-СВ-2,КС,ПБ,ОФ,,,,6,СССР,К-90,,,,,КТ,,,,,,,,,,1,1,0,,0,,,,,РСФСР
К-90,КС,ПБ,ОФ,,,,7,СССР,Объект 560,,,,,КТ,,,,,,,,,,1,1,0,,0,,,,,РСФСР
Объект 560,КС,ПБ,ОФ,,,,8,СССР,Объект 1040,,,,,КТ,,,,,,,,,,1,1,0,,0,,,,,РСФСР
Объект 1040,КС,ПБ,ОФ,,,,9,СССР,Объект 1050М,,,,,КТ,,,,,,,,,,1,1,0,,0,,,,,РСФСР
Объект 1050М,КС,ПБ,ОФ,,,,10,СССР,,,,,,КТ,,,,,,,,,,1,1,0,,0,,,,,РСФСР
БТР-40,Пулемёт,Пулемёт,Пулемёт,,,,5,СССР,БТР-152,,,,,БТР,,,,,,,,,,7,1,0,,0,,,,,РСФСР
БТР-152,Пулемёт,Пулемёт,Пулемёт,,,,6,СССР,Объект 1015,,,,,БТР,,,,,,,,,,7,1,0,,0,,,,,РСФСР
Объект 1015,Пулемёт,Пулемёт,Пулемёт,,,,7,СССР,БТР-60ПБ,БРДМ-2,БТР-90 Росток,,,БТР,,,,,,,,,,7,1,0,,0,,,,,РСФСР
БТР-60ПБ,Пулемёт,Пулемёт,Пулемёт,,,,8,СССР,БТР-70,,,,,БТР,,,,,,,,,,7,1,0,,0,,,,,РСФСР
БТР-70,Пулемёт,Пулемёт,Пулемёт,,,,9,СССР,БТР-82,,,,,БТР,,,,,,,,,,7,1,0,,0,,,,,РСФСР
БТР-82,Пулемёт,Пулемёт,Пулемёт,,,,10,СССР,,,,,,БТР,,,,,,,,,,7,1,0,,0,,,,,Россия
БРДМ-2,ПТУР,ПТУР,ПТУР,,,,8,СССР,БРДМ-2М,,,,,БТР,,,,,,,,,,4,1,0,,0,,,,,РСФСР
БРДМ-2М,ПТУР,ПТУР,ПТУР,,,,9,СССР,БРДМ-2 ПТРК,,,,,БТР,,,,,,,,,,4,1,0,,0,,,,,РСФСР
БРДМ-2 ПТРК,ПТУР,ПТУР,ПТУР,,,,10,СССР,,,,,,БТР,,,,,,,,,,4,1,0,,0,,,,,РСФСР
БТР-90 Росток,ББ,КС,ОФ,,,,8,СССР,БТР-90М,,,,,БТР,,,,,,,,,,7,1,0,,0,,,,,Россия
БТР-90М,ББ,КС,ОФ,,,,9,СССР,К-17 Бумеранг,,,,,БТР,,,,,,,,,,7,1,0,,0,,,,,Россия
К-17 Бумеранг,ББ,КС,ОФ,,,,10,СССР,,,,,,БТР,,,,,,,,,,7,1,0,,0,,,,,Россия
Т-54 ГТД,ББ,КС,ОФ,,,,8,СССР,Объект 167Т,,,,,СТ,,,,,,,,,,1,1,0,,0,,,,,РСФСР
Объект 167Т,ББ,КС,ОФ,,,,9,СССР,Т-80 Ранний,,,,,СТ,,,,,,,,,,1,1,0,,0,,,,,РСФСР
Т-80 Ранний,ББ,КС,ОФ,,,,10,СССР,,,,,,СТ,,,,,,,,,,1,1,0,,0,,,,,РСФСР
Объект 427,ББ,КС,ОФ,,,,8,СССР,СТ-62-II,,,,,СТ,,,,,,,,,,1,2,0,,0,,,,,РСФСР
СТ-62-II,ББ,КС,ОФ,,,,9,СССР,Объект 490 Бунтарь,,,,,СТ,,,,,,,,,,1,2,0,,0,,,,,РСФСР
Объект 490 Бунтарь,ББ,КС,ОФ,,,,10,СССР,,,,,,СТ,,,,,,,,,,1,2,0,,0,,,,,РСФСР
КВ-4М,ББ,КС,ОФ,,,,8,СССР,КВ-4Т,,,,,ТТ,,,,,,,,,,1,1,0,,0,,,,,РСФСР
КВ-4Т,ББ,КС,ОФ,,,,9,СССР,ТЭТ-100,,,,,ТТ,,,,,,,,,,1,1,0,,0,,,,,РСФСР
ТЭТ-100,ББ,КС,ОФ,,,,10,СССР,,,,,,ТТ,,,,,,,,,,1,1,0,,0,,,,,РСФСР
КВ-1С МЗ,ББ,КС,ОФ,150,180,220,7,СССР,ИС-5 МЗ,,,70000,1100000,ТТ,1350,20,0.067,0.05,105,125,67,55,5,2,1,4,"4,2",0,,,,,РСФСР
ИС-5 МЗ,ББ,КС,ОФ,200,240,320,8,СССР,ИС-3 МЗ,,,100000,1800000,ТТ,1750,"21,5",0.067,0.05,150,170,67,110,3,2,1,4,"4,1",0,,,,,РСФСР
ИС-3 МЗ,ББ,КС,ОФ,200,240,320,9,СССР,Объект 277Б Тайфун,,,160000,3000000,ТТ,1950,20,0.067,0.05,210,240,67,180,2,2,1,5,"4,7",0,,,,,РСФСР
Объект 277Б Тайфун,ББ,КС,ОФ,320,350,450,10,СССР,,,,250000,6700000,ТТ,2350,22,0.067,0.05,280,320,67,220,2,2,1,5,"3,7",0,,,,,РСФСР
Объект 703-II,ББ,КС,ОФ,,,,9,СССР,Объект 730-II,,,,,ТТ,,,,,,,,,,1,2,0,,0,,,,,РСФСР
Объект 730-II,ББ,КС,ОФ,,,,10,СССР,,,,,,ТТ,,,,,,,,,,1,2,0,,0,,,,,РСФСР
Объект 703,ББ,КС,ОФ,,,,8,СССР,Объект 705,,,,,ТТ,,,,,,,,,,1,1,0,,0,,,,,РСФСР
Объект 705,ББ,КС,ОФ,,,,9,СССР,Объект 705А,,,,,ТТ,,,,,,,,,,1,1,0,,0,,,,,РСФСР
Объект 705А,ББ,КС,ОФ,,,,10,СССР,,,,,,ТТ,,,,,,,,,,1,1,0,,0,,,,,РСФСР
СУ-100М1,ББ,КС,ОФ,,,,7,СССР,СУ-101,Объект 120,ИТ-1,,,ПТ,,,,,,,,,,1,1,0,,0,,,,,РСФСР
СУ-101,ББ,КС,ОФ,,,,8,СССР,К-91-ПТ,,,,,ПТ,,,,,,,,,,1,1,0,,0,,,,,РСФСР
К-91-ПТ,ББ,КС,ОФ,,,,9,СССР,Объект 268 Вариант 4,,,,,ПТ,,,,,,,,,,1,1,0,,0,,,,,РСФСР
Объект 268 Вариант 4,ББ,КС,ОФ,,,,10,СССР,,,,,,ПТ,,,,,,,,,,1,1,0,,0,,,,,РСФСР
Объект 120,ББ,КС,ОФ,,,,8,СССР,Объект 120М,,,,,ПТ,,,,,,,,,,1,1,0,,0,,,,,РСФСР
Объект 120М,ББ,КС,ОФ,,,,9,СССР,Объект 120 Таран,,,,,ПТ,,,,,,,,,,1,1,0,,0,,,,,РСФСР
Объект 120 Таран,ББ,КС,ОФ,,,,10,СССР,,,,,,ПТ,,,,,,,,,,1,1,0,,0,,,,,РСФСР
Объект 282,ББ,КС,ОФ,460,510,630,7,СССР,,,,,,ПТ,1200,16,0.090,0.072,190,215,85,50,6,1,1,0,"5,7",2,,,,,РСФСР
ИТ-1,ПТУР,ПТУР,ПТУР,,,,8,СССР,Объект 287,,,,,ПТ,,,,,,,,,,4,1,0,,0,,,,,РСФСР
Объект 287,ПТУР,ПТУР,ПТУР,,,,9,СССР,Объект 775,,,,,ПТ,,,,,,,,,,4,1,0,,0,,,,,РСФСР
Объект 775,ПТУР,ПТУР,ПТУР,,,,10,СССР,,,,,,ПТ,,,,,,,,,,4,1,0,,0,,,,,РСФСР
СГ-122,ОФ,ОФ,ОФ,,,,6,СССР,СУ-Д15,БМ-13 Катюша,,,,САУ,,,,,,,,,,6,1,0,,0,,,,,РСФСР
СУ-Д15,ОФ,ОФ,ОФ,,,,7,СССР,СУ-152Г,,,,,САУ,,,,,,,,,,6,1,0,,0,,,,,РСФСР
СУ-152Г,ОФ,ОФ,ОФ,,,,8,СССР,Объект 715Г,,,,,САУ,,,,,,,,,,6,1,0,,0,,,,,РСФСР
Объект 715Г,ОФ,ОФ,ОФ,,,,9,СССР,Объект 261 Вариант 4,,,,,САУ,,,,,,,,,,6,1,0,,0,,,,,РСФСР
Объект 261 Вариант 4,ОФ,ОФ,ОФ,,,,10,СССР,,,,,,САУ,,,,,,,,,,6,1,0,,0,,,,,РСФСР
БМ-13 Катюша,ОФ,ОФ,ОФ,,,,7,СССР,БМ-31-12,,,,,САУ,,,,,,,,,,6,30,0,,0,,,,,РСФСР
БМ-31-12,ОФ,ОФ,ОФ,,,,8,СССР,БМ-14-17,,,,,САУ,,,,,,,,,,6,30,0,,0,,,,,РСФСР
БМ-14-17,ОФ,ОФ,ОФ,,,,9,СССР,ТОС-1,,,,,САУ,,,,,,,,,,6,30,0,,0,,,,,РСФСР
ТОС-1,ОФ,ОФ,ОФ,,,,10,СССР,,,,,,САУ,,,,,,,,,,6,30,0,,0,,,,,РСФСР
Renault FT ,ББ,ПБ,ОФ,,,,1,Франция,D1 ,Renault FT BS ,Renault UE 57 ,,,СТ,,,,,,,,,,1,1,0,,0,,,,,Франция
D1 ,ББ,ПБ,ОФ,,,,2,Франция,D2 ,,,,,СТ,,,,,,,,,,1,1,0,,0,,,,,Франция
D2 ,ББ,ПБ,ОФ,,,,3,Франция,B1 ,,,,,СТ,,,,,,,,,,1,1,0,,0,,,,,Франция
B1 ,ББ,ПБ,ОФ,,,,4,Франция,BDR G1 B ,AMX ELS bis ,panhard 178B ,,,ТТ,,,,,,,,,,1,1,0,,0,,,,,Франция
BDR G1 B ,ББ,ПБ,ОФ,,,,5,Франция,ARL 44 ,,,,,ТТ,,,,,,,,,,1,1,0,,0,,,,,Франция
ARL 44 ,ББ,ПБ,ОФ,,,,6,Франция,AMX M4 Mle. 45 ,,,,,ТТ,,,,,,,,,,1,1,0,,0,,,,,Франция
AMX M4 Mle. 45 ,ББ,ПБ,ОФ,,,,7,Франция,AMX 50 100 ,AMX M4 Mle. 48,,,,ТТ,,,,,,,,,,1,1,0,,0,,,,,Франция
AMX 50 100 ,ББ,ПБ,ОФ,,,,8,Франция,AMX 50 120 ,,,,,ТТ,,,,,,,,,,2,1,3,,0,,,,,Франция
AMX 50 120 ,ББ,ПБ,ОФ,,,,9,Франция,AMX 50B ,,,,,ТТ,,,,,,,,,,2,1,4,,0,,,,,Франция
AMX 50B ,ББ,ПБ,ОФ,,,,10,Франция,,,,,,ТТ,,,,,,,,,,2,1,4,,0,,,,,Франция
Renault FT BS ,ББ,ПБ,ОФ,,,,2,Франция,Lorraine 37L SAC ,,,,,САУ,,,,,,,,,,1,1,0,,0,,,,,Франция
Lorraine 37L SAC ,ББ,ПБ,ОФ,,,,3,Франция,Renault BS ,,,,,САУ,,,,,,,,,,1,1,0,,0,,,,,Франция
Renault BS ,ОФ,ОФ,ОФ,,,,4,Франция,AMX 105 AM mle 47 ,,,,,САУ,,,,,,,,,,1,1,0,,0,,,,,Франция
AMX 105 AM mle 47 ,ОФ,ОФ,ОФ,,,,5,Франция,AMX 105 AM mle. 50 ,,,,,САУ,,,,,,,,,,1,1,0,,0,,,,,Франция
AMX 105 AM mle. 50 ,ОФ,ОФ,ОФ,,,,6,Франция,AMX 13 F3 AM ,,,,,САУ,,,,,,,,,,1,1,0,,0,,,,,Франция
AMX 13 F3 AM ,ОФ,ОФ,ОФ,,,,7,Франция,AMX 13 105 AM mle. 50 ,,,,,САУ,,,,,,,,,,1,1,0,,0,,,,,Франция
AMX 13 105 AM mle. 50 ,ОФ,ОФ,ОФ,,,,8,Франция,bat.-chatilon 155 55 ,,,,,САУ,,,,,,,,,,1,1,0,,0,,,,,Франция
bat.-chatilon 155 55 ,ОФ,ОФ,ОФ,,,,9,Франция,bat.ch?tilon 155 58 ,,,,,САУ,,,,,,,,,,2,1,4,,0,,,,,Франция
bat.ch?tilon 155 58 ,ОФ,ОФ,ОФ,,,,10,Франция,,,,,,САУ,,,,,,,,,,2,1,6,,0,,,,,Франция
Renault UE 57 ,ББ,ПБ,ОФ,,,,2,Франция,FCM 36 Pak 40 ,,,,,ПТ,,,,,,,,,,1,1,0,,0,,,,,Франция
FCM 36 Pak 40 ,ББ,ПБ,ОФ,,,,3,Франция,SAu 40 ,,,,,ПТ,,,,,,,,,,1,1,0,,0,,,,,Франция
SAu 40 ,ББ,ПБ,ОФ,,,,4,Франция,S35 CA ,,,,,ПТ,,,,,,,,,,1,1,0,,0,,,,,Франция
S35 CA ,ББ,ПБ,ОФ,,,,5,Франция,ARL V39 ,,,,,ПТ,,,,,,,,,,1,1,0,,0,,,,,Франция
ARL V39 ,ББ,ПБ,ОФ,,,,6,Франция,AMX AC mle. 46 ,,,,,ПТ,,,,,,,,,,1,1,0,,0,,,,,Франция
AMX AC mle. 46 ,ББ,ПБ,ОФ,,,,7,Франция,AMX AC mle 48 ,,,,,ПТ,,,,,,,,,,1,1,0,,0,,,,,Франция
AMX AC mle 48 ,ББ,ПБ,ОФ,,,,8,Франция,AMX 50 foch ,,,,,ПТ,,,,,,,,,,1,1,0,,0,,,,,Франция
AMX 50 foch ,ББ,ПБ,ОФ,,,,9,Франция,AMX 50 Foch 155 ,,,,,ПТ,,,,,,,,,,1,1,0,,0,,,,,Франция
AMX 50 Foch 155 ,ББ,ПБ,ОФ,,,,10,Франция,,,,,,ПТ,,,,,,,,,,1,1,0,,0,,,,,Франция
AMX ELS bis ,ББ,ПБ,ОФ,,,,5,Франция,AMX 12t ,,,,,ЛТ,,,,,,,,,,1,1,0,,0,,,,,Франция
AMX 12t ,ББ,ПБ,ОФ,,,,6,Франция,AMX 13 75 ,,,,,ЛТ,,,,,,,,,,1,1,0,,0,,,,,Франция
AMX 13 75 ,ББ,ПБ,ОФ,,,,7,Франция,AMX 13 90 ,AMX 30 Prototype,,,,ЛТ,,,,,,,,,,2,1,4,,0,,,,,Франция
AMX 13 90 ,ББ,ПБ,ОФ,,,,8,Франция,AMX 13 105 ,,,,,ЛТ,,,,,,,,,,2,1,4,,0,,,,,Франция
AMX 13 105 ,ББ,ПБ,ОФ,,,,9,Франция,Bat.-ch?tillon 25 ,,,,,ЛТ,,,,,,,,,,2,1,4,,0,,,,,Франция
Bat.-ch?tillon 25 ,ББ,ПБ,ОФ,,,,10,Франция,,,,,,ЛТ,,,,,,,,,,2,1,4,,0,,,,,Франция
panhard 178B ,ББ,ПБ,ОФ,,,,5,Франция,panhard AMD 178 mle. 54 ,,,,,КТ,,,,,,,,,,2,1,3,,0,,,,,Франция
panhard AMD 178 mle. 54 ,ББ,ПБ,ОФ,,,,6,Франция,panhard EBR 75 (FL 10) ,,,,,КТ,,,,,,,,,,2,1,3,,0,,,,,Франция
panhard EBR 75 (FL 10) ,ББ,ПБ,ОФ,,,,7,Франция,panhard EBR 90 ,,,,,КТ,,,,,,,,,,2,1,3,,0,,,,,Франция
panhard EBR 90 ,ББ,ПБ,ОФ,,,,8,Франция,panhard EBR 75 (90mm) ,,,,,КТ,,,,,,,,,,2,1,3,,0,,,,,Франция
panhard EBR 75 (90mm) ,ББ,ПБ,ОФ,,,,9,Франция,panhard EBR 105 ,,,,,КТ,,,,,,,,,,2,1,3,,0,,,,,Франция
panhard EBR 105 ,ББ,ПБ,ОФ,,,,10,Франция,,,,,,КТ,,,,,,,,,,2,1,3,,0,,,,,Франция
SDP 40,ББ,ПБ,ОФ,,,,5,Польша,SDP 44,,,,,ПТ,,,,,,,,,,1,1,0,,0,,,,,Польша
SDP 44,ББ,ПБ,ОФ,,,,6,Польша,SDP 57,,,,,ПТ,,,,,,,,,,1,1,0,,0,,,,,Польша
SDP 57,ББ,ПБ,ОФ,,,,7,Польша,SDP 58,,,,,ПТ,,,,,,,,,,1,1,0,,0,,,,,Польша
SDP 58,ББ,ПБ,ОФ,,,,8,Польша,SDP 60,,,,,ПТ,,,,,,,,,,1,1,0,,0,,,,,Польша
SDP 60,ББ,ПБ,ОФ,,,,9,Польша,NC 70,,,,,ПТ,,,,,,,,,,1,1,0,,0,,,,,Польша
NC 70,ББ,ПБ,ОФ,,,,10,Польша,,,,,,ПТ,,,,,,,,,,1,1,0,,0,,,,,Польша
4TP,ББ,ПБ,ОФ,,,,1,Польша,7TP,,,,,ЛТ,,,,,,,,,,1,1,0,,0,,,,,Польша
7TP,ББ,ПБ,ОФ,,,,2,Польша,10TP,,,,,ЛТ,,,,,,,,,,1,1,0,,0,,,,,Польша
10TP,ББ,ПБ,ОФ,,,,3,Польша,14TP,,,,,ЛТ,,,,,,,,,,1,1,0,,0,,,,,Польша
14TP,ББ,ПБ,ОФ,,,,4,Польша,25TP,SDP 40,,,,ЛТ,,,,,,,,,,1,1,0,,0,,,,,Польша
25TP,ББ,ПБ,ОФ,,,,5,Польша,40TP,,,,,СТ,,,,,,,,,,1,1,0,,0,,,,,Польша
40TP,ББ,ПБ,ОФ,,,,6,Польша,CS-44,45TP Habicha,,,,СТ,,,,,,,,,,1,1,0,,0,,,,,Польша
CS-44,ББ,ПБ,ОФ,,,,7,Польша,CS-53,,,,,СТ,,,,,,,,,,1,1,0,,0,,,,,Польша
CS-53,ББ,ПБ,ОФ,,,,8,Польша,CS-59,,,,,СТ,,,,,,,,,,1,1,0,,0,,,,,Польша
CS-59,ББ,ПБ,ОФ,,,,9,Польша,CS-63,,,,,СТ,,,,,,,,,,1,1,0,,0,,,,,Польша
CS-63,ББ,ПБ,ОФ,,,,10,Польша,,,,,,СТ,,,,,,,,,,1,1,0,,0,,,,,Польша
45TP Habicha,ББ,ПБ,ОФ,,,,7,Польша,53TP Markowskiego,,,,,ТТ,,,,,,,,,,1,1,0,,0,,,,,Польша
53TP Markowskiego,ББ,ПБ,ОФ,,,,8,Польша,50TP Tyszkiewicza,,,,,ТТ,,,,,,,,,,1,1,0,,0,,,,,Польша
50TP Tyszkiewicza,ББ,ПБ,ОФ,,,,9,Польша,60TP Lewandowskiego,,,,,ТТ,,,,,,,,,,1,1,0,,0,,,,,Польша
60TP Lewandowskiego,ББ,ПБ,ОФ,,,,10,Польша,,,,,,ТТ,,,,,,,,,,1,1,0,,0,,,,,Польша
Renault Otsu,ББ,ПБ,ОФ,20,16,30,1,Япония,Ha-Go,,,,5000,ЛТ,200,5,"0,0167","0,045",33,40,7,19,16,1,1,0,"4,6",1,,1,-6,20,Японская империя
Ha-Go,ББ,ПБ,ОФ,40,33,60,2,Япония,Chi-Ha,,,400,25000,ЛТ,350,"4,5","0,0167","0,045",60,75,15,12,25,1,1,0,3,1,,1,-6,20,Японская империя
Chi-Ha,ББ,ПБ,ОФ,70,60,100,3,Япония,Chi-He,,,1500,50000,ЛТ,500,"3,5","0,0167","0,045",57,87,28,25,10,1,1,0,3,1,,2,-6,20,Японская империя
Chi-He,ББ,ПБ,ОФ,110,90,160,4,Япония,Chi-nu,Mitsu 108,Ho-Ni III,5000,150000,СТ,750,"4,5","0,0167","0,045",87,131,29,50,8,1,1,0,3,1,,2,-6,20,Японская империя
Chi-nu,ББ,ПБ,ОФ,,,,5,Япония,Chi-To,,,,,СТ,,,,,,,,,,1,1,0,,0,,,,,Японская империя
Chi-To,ББ,ПБ,ОФ,,,,6,Япония,Chi-Ri,,,,,СТ,,,,,,,,,,1,1,0,,0,,,,,Японская империя
Chi-Ri,ББ,ПБ,ОФ,,,,7,Япония,STA-1,,,,,СТ,,,,,,,,,,1,1,0,,0,,,,,Японская империя
STA-1,ББ,ПБ,ОФ,,,,8,Япония,Type 61,,,,,СТ,,,,,,,,,,1,1,0,,0,,,,,Япония
Type 61,ББ,ПБ,ОФ,,,,9,Япония,STB-1,,,,,СТ,,,,,,,,,,1,1,0,,0,,,,,Япония
STB-1,ББ,ПБ,ОФ,,,,10,Япония,,,,,,СТ,,,,,,,,,,1,1,0,,0,,,,,Япония
Mitsu 108,ББ,ПБ,ОФ,300,240,450,5,Япония,O-I,Ju-Nu,,15000,400000,ТТ,950,10,"0,04","0,06",120,150,55,80,3,1,1,0,4,1,,4,-6,20,Японская империя
O-I,ББ,ПБ,ОФ,400,350,600,6,Япония,O-Ni,,,27000,1000000,ТТ,1050,20,"0,0333","0,06",120,100,60,125,2,1,1,0,5,1,,4,-6,20,Японская империя
O-Ni,ББ,ПБ,ОФ,560,490,760,7,Япония,O-Ho,,,60000,1900000,ТТ,1650,20,"0,0333","0,06",150,180,70,125,2,1,1,0,4,1,,4,-6,20,Японская империя
O-Ho,ББ,ПБ,ОФ,600,500,750,8,Япония,Type 4 Heavy,,,130000,2800000,ТТ,1950,20,"0,04","0,072",170,220,80,130,2,1,1,0,4,1,,4,-6,25,Японская империя
Type 4 Heavy,ББ,ПБ,ОФ,500,450,650,9,Япония,Type 5 Heavy,,,200000,4000000,ТТ,2300,13,"0,04","0,072",225,260,60,140,2,1,1,0,"5,6",1,,5,-6,30,Японская империя
Type 5 Heavy,ББ,ПБ,ОФ,670,550,950,10,Япония,,,,290000,7500000,ТТ,2900,19,"0,025","0,0545",285,340,95,170,2,1,1,0,4,1,,5,-6,30,Японская империя
Ho-Ni III,ББ,ПБ,ОФ,,,,5,Япония,Ji-Ro,,,,,ПТ,,,,,,,,,,1,1,0,,0,,,,,Японская империя
Ji-Ro,ББ,ПБ,ОФ,,,,6,Япония,Chi-To SP,,,,,ПТ,,,,,,,,,,1,1,0,,0,,,,,Японская империя
Chi-To SP,ББ,ПБ,ОФ,,,,7,Япония,Ho-Ri I,,,,,ПТ,,,,,,,,,,1,1,0,,0,,,,,Японская империя
Ho-Ri I,ББ,ПБ,ОФ,,,,8,Япония,Ho-Ri II,,,,,ПТ,,,,,,,,,,1,1,0,,0,,,,,Японская империя
Ho-Ri II,ББ,ПБ,ОФ,,,,9,Япония,Ho-Ri III,,,,,ПТ,,,,,,,,,,1,1,0,,0,,,,,Японская империя
Ho-Ri III,ББ,ПБ,ОФ,,,,10,Япония,,,,,,ПТ,,,,,,,,,,1,1,0,,0,,,,,Японская империя
Ju-Nu,ББ,ПБ,ОФ,,,,6,Япония,Ju-To,,,,,ТТ,,,,,,,,,,1,1,0,,0,,,,,Япония
Ju-To,ББ,ПБ,ОФ,,,,7,Япония,Type 57,,,,,ТТ,,,,,,,,,,1,1,0,,0,,,,,Япония
Type 57,ББ,ПБ,ОФ,,,,8,Япония,Type 68,,,,,ТТ,,,,,,,,,,1,1,0,,0,,,,,Япония
Type 68,ББ,ПБ,ОФ,,,,9,Япония,Type 71,,,,,ТТ,,,,,,,,,,1,1,0,,0,,,,,Япония
Type 71,ББ,ПБ,ОФ,,,,10,Япония,,,,,,ТТ,,,,,,,,,,1,1,0,,0,,,,,Япония
Kolohousenka,ББ,ПБ,ОФ,,,,1,Чехословакия,LT vz.35,,,,,ЛТ,,,,,,,,,,1,1,0,,0,,,,,Чехословакия
LT vz.35,ББ,ПБ,ОФ,,,,2,Чехословакия,LT vz.38,,,,,ЛТ,,,,,,,,,,1,1,0,,0,,,,,Чехословакия
LT vz.38,ББ,ПБ,ОФ,,,,3,Чехословакия,ST vz.39,,,,,ЛТ,,,,,,,,,,2,1,3,,0,,,,,Чехословакия
ST vz.39,ББ,ПБ,ОФ,,,,4,Чехословакия,Skoda T 24,,,,,СТ,,,,,,,,,,1,1,0,,0,,,,,Чехословакия
Skoda T 24,ББ,ПБ,ОФ,,,,5,Чехословакия,Skoda T 25,,,,,СТ,,,,,,,,,,1,1,0,,0,,,,,Чехословакия
Skoda T 25,ББ,ПБ,ОФ,,,,6,Чехословакия,Konstrukta T-34/100,Vz.44-1,,,,СТ,,,,,,,,,,2,1,3,,0,,,,,Чехословакия
Konstrukta T-34/100,ББ,ПБ,ОФ,,,,7,Чехословакия,TVP VTU Koncept,,,,,СТ,,,,,,,,,,1,1,0,,0,,,,,Чехословакия
TVP VTU Koncept,ББ,ПБ,ОФ,,,,8,Чехословакия,Skoda T 50,,,,,СТ,,,,,,,,,,1,1,0,,0,,,,,Чехословакия
Skoda T 50,ББ,ПБ,ОФ,,,,9,Чехословакия,TVP T 50/51,,,,,СТ,,,,,,,,,,2,1,4,,0,,,,,Чехословакия
TVP T 50/51,ББ,ПБ,ОФ,,,,10,Чехословакия,,,,,,СТ,,,,,,,,,,2,1,4,,0,,,,,Чехословакия
Vz.44-1,ББ,ПБ,ОФ,,,,7,Чехословакия,TNH 105/1000,,,,,ТТ,,,,,,,,,,1,1,0,,0,,,,,Чехословакия
TNH 105/1000,ББ,ПБ,ОФ,,,,8,Чехословакия,TNH T Vz.51,,,,,ТТ,,,,,,,,,,1,1,0,,0,,,,,Чехословакия
TNH T Vz.51,ББ,ПБ,ОФ,,,,9,Чехословакия,Vz.55,,,,,ТТ,,,,,,,,,,1,1,0,,0,,,,,Чехословакия
Vz.55,ББ,ПБ,ОФ,,,,10,Чехословакия,,,,,,ТТ,,,,,,,,,,1,1,0,,0,,,,,Чехословакия
Strv fm/21,ББ,ПБ,ОФ,,,,1,Швеция,Pvlvv fm/42,Strv m/31,,,,ЛТ,,,,,,,,,,1,1,0,,0,,,,,Швеция
Strv m/31,ББ,ПБ,ОФ,,,,2,Швеция,Strv m/41,,,,,СТ,,,,,,,,,,1,1,0,,0,,,,,Швеция
Strv m/41,ББ,ПБ,ОФ,,,,3,Швеция,Lago,,,,,СТ,,,,,,,,,,1,1,0,,0,,,,,Швеция
Lago,ББ,ПБ,ОФ,,,,4,Швеция,Strv m/42 Delat Torn,IVK 73,,,,СТ,,,,,,,,,,1,1,0,,0,,,,,Швеция
Strv m/42 Delat Torn,ББ,ПБ,ОФ,,,,5,Швеция,Strv 74,,,,,СТ,,,,,,,,,,2,1,3,,0,,,,,Швеция
Strv 74,ББ,ПБ,ОФ,,,,6,Швеция,Leo,,,,,СТ,,,,,,,,,,1,1,0,,0,,,,,Швеция
Leo,ББ,ПБ,ОФ,,,,7,Швеция,UDES 14,,,,,СТ,,,,,,,,,,1,1,0,,0,,,,,Швеция
UDES 14,ББ,ПБ,ОФ,,,,8,Швеция,UDES 16,,,,,СТ,,,,,,,,,,1,1,0,,0,,,,,Швеция
UDES 16,ББ,ПБ,ОФ,,,,9,Швеция,UDES 15/16,,,,,СТ,,,,,,,,,,1,1,0,,0,,,,,Швеция
UDES 15/16,ББ,ПБ,ОФ,,,,10,Швеция,,,,,,СТ,,,,,,,,,,1,1,0,,0,,,,,Швеция
IVK 73,ББ,ПБ,ОФ,,,,5,Швеция,KRV 73,,,,,ТТ,,,,,,,,,,1,1,0,,0,,,,,Швеция
KRV 73,ББ,ПБ,ОФ,,,,6,Швеция,Emil I,,,,,ТТ,,,,,,,,,,1,1,0,,0,,,,,Швеция
Emil I,ББ,ПБ,ОФ,,,,7,Швеция,Emil II,,,,,ТТ,,,,,,,,,,2,1,3,,0,,,,,Швеция
Emil II,ББ,ПБ,ОФ,,,,8,Швеция,KRV 81,,,,,ТТ,,,,,,,,,,3,1,3,,0,,,,,Швеция
KRV 81,ББ,ПБ,ОФ,,,,9,Швеция,Kranvagn,,,,,ТТ,,,,,,,,,,3,1,3,,0,,,,,Швеция
Kranvagn,ББ,ПБ,ОФ,,,,10,Швеция,,,,,,ТТ,,,,,,,,,,3,1,3,,0,,,,,Швеция
Pvlvv fm/42,ББ,ПБ,ОФ,,,,2,Швеция,Landsverk L62,,,,,ПТ,,,,,,,,,,1,1,0,,0,,,,,Швеция
Landsverk L62,ББ,ПБ,ОФ,,,,3,Швеция,Pvkv m/42,,,,,ПТ,,,,,,,,,,1,1,0,,0,,,,,Швеция
Pvkv m/42,ББ,ПБ,ОФ,,,,4,Швеция,Pvkv IV,,,,,ПТ,,,,,,,,,,1,1,0,,0,,,,,Швеция
Pvkv IV,ББ,ПБ,ОФ,,,,5,Швеция,Pvkv V,,,,,ПТ,,,,,,,,,,1,1,0,,0,,,,,Швеция
Pvkv V,ББ,ПБ,ОФ,,,,6,Швеция,IKV 91,,,,,ПТ,,,,,,,,,,1,1,0,,0,,,,,Швеция
IKV 91,ББ,ПБ,ОФ,,,,7,Швеция,Strv 103-O,,,,,ПТ,,,,,,,,,,1,1,0,,0,,,,,Швеция
Strv 103-O,ББ,ПБ,ОФ,,,,8,Швеция,Strv 103A,,,,,ПТ,,,,,,,,,,1,1,0,,0,,,,,Швеция
Strv 103A,ББ,ПБ,ОФ,,,,9,Швеция,Strv 103B,,,,,ПТ,,,,,,,,,,1,1,0,,0,,,,,Швеция
Strv 103B,ББ,ПБ,ОФ,,,,10,Швеция,,,,,,ПТ,,,,,,,,,,1,1,0,,0,,,,,Швеция
2С7 Пион,ОФ,ОФ,ОФ,,,,9,СССР,2С7 Малка,,,,,САУ,,,,,,,,,,6,1,0,,0,,,,,РСФСР
2С7 Малка,ОФ,ОФ,ОФ,,,,10,СССР,,,,,,САУ,,,,,,,,,,6,1,0,,0,,,,,РСФСР
Medium Mk. 1,ББ,КС,ОФ,40,45,60,1,Великобритания,Cruiser Mk. 3,Universal Carrier 2-pdr,Loyd Gun Carriage,,5000,ЛТ,200,3,"0,067","0,05",35,42,7,8,38,1,1,0,"4,6",1,,2,,,Великобритания
Cruiser Mk. 3,,,,,,,2,Великобритания,Cromwell,,,,,ЛТ,,,,,,,,,,,,,,0,,,,,Великобритания
Cromwell,,,,,,,3,Великобритания,Comet,,,,,СТ,,,,,,,,,,,,,,0,,,,,Великобритания
Comet,,,,,,,4,Великобритания,Centurion Mk. 1,Churchill I,,,,СТ,,,,,,,,,,,,,,0,,,,,Великобритания
Centurion Mk. 1,,,,,,,5,Великобритания,Centurion Mk. 3,Crusaider,,,,СТ,,,,,,,,,,,,,,0,,,,,Великобритания
Centurion Mk. 3,,,,,,,6,Великобритания,Centurion Mk. 5,,,,,СТ,,,,,,,,,,,,,,0,,,,,Великобритания
Centurion Mk. 5,,,,,,,7,Великобритания,Centurion Mk. 7,FV301,,,,СТ,,,,,,,,,,,,,,0,,,,,Великобритания
Centurion Mk. 7,,,,,,,8,Великобритания,Centurion Mk. 10,,,,,СТ,,,,,,,,,,,,,,0,,,,,Великобритания
Centurion Mk. 10,,,,,,,9,Великобритания,FV4202,,,,,СТ,,,,,,,,,,,,,,0,,,,,Великобритания
FV4202,,,,,,,10,Великобритания,,,,,,СТ,,,,,,,,,,,,,,0,,,,,Великобритания
Churchill I,,,,,,,5,Великобритания,Churchill VII,,,,,ТТ,,,,,,,,,,,,,,0,,,,,Великобритания
Churchill VII,,,,,,,6,Великобритания,Black Prince,,,,,ТТ,,,,,,,,,,,,,,0,,,,,Великобритания
Black Prince,,,,,,,7,Великобритания,FV221 Caernarvon,,,,,ТТ,,,,,,,,,,,,,,0,,,,,Великобритания
FV221 Caernarvon,,,,,,,8,Великобритания,Conqueror,,,,,ТТ,,,,,,,,,,,,,,0,,,,,Великобритания
Conqueror,,,,,,,9,Великобритания,FV215b 165,,,,,ТТ,,,,,,,,,,,,,,0,,,,,Великобритания
FV215b 165,,,,,,,10,Великобритания,,,,,,ТТ,,,,,,,,,,,,,,0,,,,,Великобритания
Universal Carrier 2-pdr,ББ,КС,ОФ,90,100,130,2,Великобритания,Alecto,,,700,30000,ПТ,240,3,"0,067","0,05",57,70,14,10,30,1,1,0,"4,3",1,,,,,Великобритания
Alecto,ББ,КС,ОФ,175,190,250,3,Великобритания,Bishop,,,2300,100000,ПТ,350,"5,5","0,067","0,05",110,130,48,38,8,1,1,0,"4,5",1,,,,,Великобритания
Bishop,ББ,ОФ,ОФ,300,400,400,4,Великобритания,Archer,AT 2,,7000,200000,ПТ,700,8,"0,067","0,05",100,92,44,60,5,1,1,0,5,1,,,,,Великобритания
Archer,ББ,ОФ,ОФ,230,300,300,5,Великобритания,Achilles,,,12500,320000,ПТ,800,5,"0,067","0,05",171,210,38,60,5,1,1,0,"3,5",1,,,,,Великобритания
Achilles,ББ,ОФ,ОФ,260,350,350,6,Великобритания,Challenger,,,23000,500000,ПТ,1000,"5,5","0,067","0,05",200,239,38,64,5,1,1,0,"3,3",1,,,,,Великобритания
Challenger,ББ,ОФ,ОФ,300,400,400,7,Великобритания,Charioteer,,,50000,1050000,ПТ,1200,6,"0,067","0,05",230,275,38,102,3,1,1,0,"3,2",1,,,,,Великобритания
Charioteer,ББ,ОФ,ОФ,400,520,520,8,Великобритания,FV4004 Conway,Avenger,,90000,1800000,ПТ,1300,8,"0,067","0,05",280,230,42,101,3,1,1,0,"3,5",1,,,,,Великобритания
FV4004 Conway,ББ,ОФ,ОФ,,,,9,Великобритания,FV4005 Stage I,,,,,ПТ,,,,,,,,,,,,,,0,,,,,Великобритания
FV4005 Stage I,ББ,ОФ,ОФ,,,,10,Великобритания,,,,,,ПТ,,,,,,,,,,,,,,0,,,,,Великобритания
Avenger,ББ,ОФ,ОФ,330,440,440,9,Великобритания,FV215b 183,,,130000,3000000,ПТ,1500,4.5,0.067,0.05,260,230,38,88,3,1,1,0,3,1,,,,,Великобритания
FV215b 183,ББ,ОФ,ОФ,1100,1650,1750,10,Великобритания,,,,200000,6500000,ПТ,1850,25,0.067,0.05,250,210,60,152,2,1,1,0,6,1,,,,,Великобритания
AT 2,,,,,,,5,Великобритания,AT 7,,,,,ПТ,,,,,,,,,,,,,,0,,,,,Великобритания
AT 7,,,,,,,6,Великобритания,AT 8,,,,,ПТ,,,,,,,,,,,,,,0,,,,,Великобритания
AT 8,,,,,,,7,Великобритания,AT 15,,,,,ПТ,,,,,,,,,,,,,,0,,,,,Великобритания
AT 15,,,,,,,8,Великобритания,Tortoise,,,,,ПТ,,,,,,,,,,,,,,0,,,,,Великобритания
Tortoise,,,,,,,9,Великобритания,FV217 Badger,,,,,ПТ,,,,,,,,,,,,,,0,,,,,Великобритания
FV217 Badger,,,,,,,10,Великобритания,,,,,,ПТ,,,,,,,,,,,,,,0,,,,,Великобритания
FV301,,,,,,,8,Великобритания,Vickers Cruiser,,,,,ЛТ,,,,,,,,,,,,,,0,,,,,Великобритания
Vickers Cruiser,,,,,,,9,Великобритания,Vickers Ligth,,,,,ЛТ,,,,,,,,,,,,,,0,,,,,Великобритания
Vickers Ligth,,,,,,,10,Великобритания,,,,,,ЛТ,,,,,,,,,,,,,,0,,,,,Великобритания
Loyd Gun Carriage,,,,,,,2,Великобритания,Sexton II,,,,,САУ,,,,,,,,,,,,,,0,,,,,Великобритания
Sexton II,,,,,,,3,Великобритания,Birch Gun,,,,,САУ,,,,,,,,,,,,,,0,,,,,Великобритания
Birch Gun,,,,,,,4,Великобритания,Bishop Gun Carriage,,,,,САУ,,,,,,,,,,,,,,0,,,,,Великобритания
Bishop Gun Carriage,,,,,,,5,Великобритания,FV304,,,,,САУ,,,,,,,,,,,,,,0,,,,,Великобритания
FV304,,,,,,,6,Великобритания,Crusader 5.5-IN. SP,,,,,САУ,,,,,,,,,,,,,,0,,,,,Великобритания
Crusader 5.5-IN. SP,,,,,,,7,Великобритания,FV207,,,,,САУ,,,,,,,,,,,,,,0,,,,,Великобритания
FV207,,,,,,,8,Великобритания,FV3805,,,,,САУ,,,,,,,,,,,,,,0,,,,,Великобритания
FV3805,,,,,,,9,Великобритания,Conqueror Gun Carriage,,,,,САУ,,,,,,,,,,,,,,0,,,,,Великобритания
Conqueror Gun Carriage,,,,,,,10,Великобритания,,,,,,САУ,,,,,,,,,,,,,,0,,,,,Великобритания
Crusaider,,,,,,,6,Великобритания,GSR 3301 Setter,FVS Scheme A,,,,ЛТ,,,,,,,,,,,,,,0,,,,,Великобритания
GSR 3301 Setter,,,,,,,7,Великобритания,LHMTV,,,,,ЛТ,,,,,,,,,,,,,,0,,,,,Великобритания
LHMTV,,,,,,,8,Великобритания,GSR 3301 AVR FS,,,,,ЛТ,,,,,,,,,,,,,,0,,,,,Великобритания
GSR 3301 AVR FS,,,,,,,9,Великобритания,Manticore,,,,,ЛТ,,,,,,,,,,,,,,0,,,,,Великобритания
Manticore,,,,,,,10,Великобритания,,,,,,ЛТ,,,,,,,,,,,,,,0,,,,,Великобритания
FVS Scheme A,,,,,,,7,Великобритания,FV601 Saladin,,,,,КТ,,,,,,,,,,,,,,0,,,,,Великобритания
FV601 Saladin,,,,,,,8,Великобритания,GSOR 1006 Scheme 7,,,,,КТ,,,,,,,,,,,,,,0,,,,,Великобритания
GSOR 1006 Scheme 7,,,,,,,9,Великобритания,Concept No. 5,,,,,КТ,,,,,,,,,,,,,,0,,,,,Великобритания
Concept No. 5,,,,,,,10,Великобритания,,,,,,КТ,,,,,,,,,,,,,,0,,,,,Великобритания
testing,,,,,,,,,,,,,,,,,0.067,0.06,,,,,,,,,,3,10,,,,
AMX M4 Mle. 48,,,,,,,8,Франция,AMX M4 Mle. 51,,,,,ТТ,,,,,,,,,,,,,,0,,,,,Франция
AMX M4 Mle. 51,,,,,,,9,Франция,AMX M4 Mle. 54,,,,,ТТ,,,,,,,,,,,,,,0,,,,,Франция
AMX M4 Mle. 54,,,,,,,10,Франция,,,,,,ТТ,,,,,,,,,,,,,,0,,,,,Франция
AMX 30 Prototype,,,,,,,8,Франция,AMX 30 First Prototype,,,,,СТ,,,,,,,,,,,,,,0,,,,,Франция
AMX 30 First Prototype,,,,,,,9,Франция,AMX 30B,,,,,СТ,,,,,,,,,,,,,,0,,,,,Франция
AMX 30B,,,,,,,10,Франция,,,,,,СТ,,,,,,,,,,,,,,0,,,,,Франция
ПОРОГ,КС,ОФ,ОФ,160,250,270,6,мировая нация,,,,,,СТ,900,13,"0,067","0,06",100,70,30,40,8,1,2,0,4,4,10,,-10,30,мировая нация
Caliban,КС,ОФ,ОФ,400,520,520,8,Великобритания,,,,,,ТТ,1300,8,"0,067","0,05",280,230,42,101,3,1,1,0,"3,5",2,,,-10,10,Великобритания
O-I Experimental,ББ,ББ,ОФ,350,400,550,5,Япония,,,,,,ТТ,950,18,"0,04","0,06",100,80,50,120,3,1,1,0,"5,5",4,,4,-5,20,Японская империя
Lancia IZM ,Пулемёт,Пулемёт,Пулемёт,1,1,2,1,Австрия,Austro-Daimler Panzerwagen ,,,,5000,КТ,160,6,"0,012","0,024",18,20,4,8,40,2,1,30,"4,2",1,,3,-6,20,Австро-Венгрия
Austro-Daimler Panzerwagen ,Пулемёт,Пулемёт,Пулемёт,2,2,3,2,Австрия,Steyr ADGZ ,,,800,30000,КТ,320,6,"0,0115","0,023",30,34,6,14,33,2,1,40,4,1,,3,-6,20,Австро-Венгрия
Steyr ADGZ ,ББ,ПБ,ОФ,45,38,65,3,Австрия,Sd.Kfz. 221 ,,,2700,120000,КТ,360,"2,7","0,011","0,022",52,62,11,18,28,1,1,0,"3,8",1,,3,-7,22,Австрия
Sd.Kfz. 221 ,ББ,ПБ,ОФ,70,58,100,4,Австрия,ADGZ (M35) ,,,6400,350000,КТ,440,3,"0,0105","0,021",70,84,14,22,24,1,1,0,"3,6",1,,3,-7,22,Австрия
ADGZ (M35) ,ББ,ПБ,ОФ,120,100,175,5,Австрия,Saurer 3K 3H ,,,12500,800000,КТ,550,"4,1","0,01","0,021",92,110,18,30,20,1,1,0,"3,4",1,,3,-7,24,Австрия
Saurer 3K 3H ,ББ,ПБ,ОФ,145,120,210,6,Австрия,Saurer 4K 4FA ,,,21600,1300000,БТР,750,"4,2","0,0095","0,02",110,132,22,40,17,1,1,0,"3,2",1,,3,-8,25,Австрия
Saurer 4K 4FA ,ББ,ПБ,ОФ,190,155,280,7,Австрия,4K 7FA G127 ,,,34300,2000000,БТР,900,"4,8","0,009","0,019",145,174,29,50,14,1,1,0,3,1,,3,-8,25,Австрия
4K 7FA G127 ,ББ,ПБ,ОФ,260,215,390,8,Австрия,Pandur I (6×6) ,,,51200,2800000,БТР,1100,"5,2","0,0085","0,018",190,228,38,65,12,1,1,0,"2,8",1,,4,-9,27,Австрия
Pandur I (6×6) ,ББ,ПБ,ОФ,330,275,495,9,Австрия,Pandur II,,,72900,3600000,БТР,1300,"5,8","0,008","0,017",235,282,47,80,10,1,1,0,"2,6",1,,4,-9,28,Австрия
Pandur II,ББ,ПБ,ОФ,440,360,660,10,Австрия,,,,100000,4500000,БТР,1550,"6,4","0,0075","0,016",290,348,58,100,8,1,1,0,"2,4",1,,4,-10,30,Австрия
Руссо-Балт тип C,Пулемёт,Пулемёт,Пулемёт,1,1,2,1,СССР,,,,,,ПТ,180,6,"0,013","0,026",20,24,5,7,40,2,1,24,"4,3",2,,2,-6,20,Российская империя
Leopard C1,ББ,КС,ОФ,400,440,600,10,Канада,,,,,,СТ,1900,8,"0,04","0,04",260,307,50,110,3,1,1,0,"3,5",2,,4,-8,20,Канада
44M Tas,ББ,КС,ОФ,460,506,690,10,Венгрия,,,,,,ТТ,2200,8,"0,04","0,04",248,293,50,180,3,1,1,0,"3,5",2,,5,-8,20,Венгрия
TR-85M1,ББ,КС,ОФ,400,440,600,10,Румыния,,,,,,СТ,1900,8,"0,04","0,04",255,301,50,140,3,1,1,0,"3,5",2,,4,-8,20,Румыния
Arjun Mk.1,ББ,КС,ОФ,460,506,690,10,Индия,,,,,,ТТ,2250,8,"0,04","0,04",260,307,50,190,3,1,1,0,"3,5",2,,5,-8,20,Индия
K1,ББ,КС,ОФ,400,440,600,10,Южная Корея,,,,,,СТ,1900,8,"0,04","0,04",265,313,50,150,3,1,1,0,"3,5",2,,4,-8,20,Южная Корея
Leopard 2A4T1,ББ,КС,ОФ,440,484,660,10,Турция,,,,,,ТТ,2200,8,"0,04","0,04",270,319,50,185,3,1,1,0,"3,5",2,,5,-8,20,Турция
Centurion Mk. 5/1 RAAC,ББ,КС,ОФ,400,440,600,10,Австралия,,,,,,СТ,1900,8,"0,04","0,04",250,295,50,135,3,1,1,0,"3,5",2,,4,-8,20,Австралия
Zulfiqar 3,ББ,КС,ОФ,440,484,660,10,Иран,,,,,,ТТ,2200,8,"0,04","0,04",265,313,50,180,3,1,1,0,"3,5",2,,5,-8,20,Иран
Al-Khalid,ББ,КС,ОФ,400,440,600,10,Пакистан,,,,,,СТ,1900,8,"0,04","0,04",265,313,50,155,3,1,1,0,"3,5",2,,4,-8,20,Пакистан
Ramses II,ББ,КС,ОФ,400,440,600,10,Египет,,,,,,СТ,1900,8,"0,04","0,04",255,301,50,145,3,1,1,0,"3,5",2,,4,-8,20,Египет
Merkava Mk.1,ББ,КС,ОФ,460,506,690,10,Израиль,,,,,,ТТ,2300,8,"0,04","0,04",270,319,50,200,3,1,1,0,"3,5",2,,5,-8,20,Израиль
EE-T1 Osório,ББ,КС,ОФ,400,440,600,10,Бразилия,,,,,,СТ,1900,8,"0,04","0,04",265,313,50,150,3,1,1,0,"3,5",2,,4,-8,20,Бразилия
Leopard 1BE,ББ,КС,ОФ,400,440,600,10,Бельгия,,,,,,СТ,1900,8,"0,04","0,04",260,307,50,110,3,1,1,0,"3,5",2,,4,-8,20,Бельгия
